name,datetime,tempmax,tempmin,temp,feelslikemax,feelslikemin,feelslike,dew,humidity,precip,precipprob,precipcover,preciptype,snow,snowdepth,windgust,windspeed,winddir,sealevelpressure,cloudcover,visibility,solarradiation,solarenergy,uvindex,sunrise,sunset,moonphase,conditions,description,icon,stations
"Washington,DC,USA",2020-05-01,18.8,11.6,14.9,18.8,11.6,14.9,8.9,69.6,2.607,100,29.17,rain,0.0,0.0,38.9,25.7,321.2,1008.5,66.7,16.0,111.8,9.5,6,2020-05-01T06:09:41,2020-05-01T20:01:16,0.3,"Rain, Partially cloudy",Partly cloudy throughout the day with rain clearing later.,rain,"KDCA,72405013743,72403793728,F0198,KADW,KDAA,74594013705"
"Washington,DC,USA",2020-05-02,22.1,11.1,16.3,22.1,11.1,16.3,6.4,54.0,0.0,0,0.0,无降水,0.0,0.0,39.6,26.1,246.4,1017.3,30.2,15.9,161.8,14.0,9,2020-05-02T06:08:30,2020-05-02T20:02:13,0.33,Partially cloudy,Partly cloudy throughout the day.,partly-cloudy-day,"KDCA,72405013743,72403793728,F0198,KGAI,KADW,KDAA,AS365,72033493764,74594013705"
"Washington,DC,USA",2020-05-03,24.9,15.6,18.6,24.9,15.6,18.6,13.4,72.5,10.234,100,16.67,rain,0.0,0.0,46.8,21.4,193.9,1010.2,71.7,15.2,67.2,5.7,4,2020-05-03T06:07:21,2020-05-03T20:03:11,0.37,"Rain, Partially cloudy",Partly cloudy throughout the day with rain.,rain,"KDCA,72405013743,72403793728,F0198,KADW,KDAA,74594013705"
"Washington,DC,USA",2020-05-04,23.8,14.3,19.2,23.8,14.3,19.2,7.8,53.8,15.555,100,12.5,rain,0.0,0.0,68.8,44.9,317.0,1009.1,50.3,15.2,152.5,13.3,8,2020-05-04T06:06:12,2020-05-04T20:04:08,0.4,"Rain, Partially cloudy",Clearing in the afternoon with early morning rain.,rain,"KDCA,72405013743,72403793728,F0198,KADW,KDAA,72033493764,74594013705"
"Washington,DC,USA",2020-05-05,14.3,9.3,12.3,14.3,8.0,12.1,3.3,55.6,4.488,100,16.67,rain,0.0,0.0,28.4,24.0,350.2,1014.5,81.0,15.2,57.0,5.0,2,2020-05-05T06:05:06,2020-05-05T20:05:05,0.44,"Rain, Partially cloudy",Partly cloudy throughout the day with late afternoon rain.,rain,"KIAD,KDCA,72405013743,72403793728,72403093738,D6279,F0198,KGAI,KADW,KDAA,72033493764,74594013705"
"Washington,DC,USA",2020-05-06,13.8,8.8,11.2,13.8,5.4,10.5,7.8,80.9,1.657,100,33.33,rain,0.0,0.0,42.7,27.0,325.8,1009.1,79.1,13.4,46.5,4.0,2,2020-05-06T06:04:00,2020-05-06T20:06:02,0.47,"Rain, Partially cloudy",Partly cloudy throughout the day with a chance of rain throughout the day.,rain,"KIAD,KDCA,72405013743,72403793728,D6279,72403093738,F0198,KGAI,KADW,KDAA,72033493764,74594013705"
"Washington,DC,USA",2020-05-07,19.9,7.0,13.3,19.9,4.8,12.4,1.2,50.5,0.46,100,16.67,rain,0.0,0.0,53.6,24.7,310.3,1012.1,33.9,15.9,139.2,12.0,8,2020-05-07T06:02:56,2020-05-07T20:06:58,0.5,"Rain, Partially cloudy",Partly cloudy throughout the day with early morning rain.,rain,"KDCA,72405013743,72403793728,F0198,KADW,KDAA,AS365,74594013705"
"Washington,DC,USA",2020-05-08,19.9,6.7,14.0,19.9,1.6,13.5,4.9,56.5,3.255,100,20.83,rain,0.0,0.0,69.5,40.0,248.7,1008.3,62.9,15.9,44.4,3.9,2,2020-05-08T06:01:53,2020-05-08T20:07:55,0.54,"Rain, Partially cloudy",Partly cloudy throughout the day with rain.,rain,"C6294,KDCA,72405013743,72403793728,F0198,KADW,KDAA,74594013705"
"Washington,DC,USA",2020-05-09,10.6,2.8,6.8,10.6,-1.7,3.6,-5.7,41.9,0.0,0,0.0,无降水,0.0,0.0,64.3,40.8,306.3,1017.5,40.5,16.0,105.1,9.2,5,2020-05-09T06:00:51,2020-05-09T20:08:51,0.57,Partially cloudy,Partly cloudy throughout the day.,partly-cloudy-day,"KDCA,72405013743,72403793728,F0198,KGAI,KADW,KDAA,AS365,72033493764,74594013705"
"Washington,DC,USA",2020-05-10,18.3,3.1,11.1,18.3,0.1,10.2,-1.2,44.9,0.0,0,0.0,无降水,0.0,0.0,39.9,30.4,201.2,1021.0,22.4,16.0,132.7,11.6,8,2020-05-10T05:59:51,2020-05-10T20:09:47,0.61,Partially cloudy,Partly cloudy throughout the day.,partly-cloudy-day,"KDCA,72405013743,72403793728,F0198,KADW,KDAA,74594013705"
"Washington,DC,USA",2020-05-11,16.6,9.3,12.6,16.6,6.6,12.4,2.8,53.2,0.479,100,8.33,rain,0.0,0.0,56.5,38.9,289.1,1014.8,73.9,16.0,88.1,7.7,4,2020-05-11T05:58:52,2020-05-11T20:10:42,0.64,"Rain, Partially cloudy",Partly cloudy throughout the day with morning rain.,rain,"KDCA,72405013743,72403793728,F0198,KADW,KDAA,72033493764,74594013705"
"Washington,DC,USA",2020-05-12,17.1,6.5,11.8,17.1,3.8,10.8,-1.2,42.6,0.0,0,0.0,无降水,0.0,0.0,46.0,26.4,295.5,1021.2,62.9,16.0,110.0,9.4,5,2020-05-12T05:57:55,2020-05-12T20:11:38,0.67,Partially cloudy,Partly cloudy throughout the day.,partly-cloudy-day,"KIAD,KDCA,72405013743,72403793728,72403093738,F0198,KGAI,KADW,KDAA,72033493764,74594013705"
"Washington,DC,USA",2020-05-13,21.1,7.2,14.4,21.1,5.9,14.2,1.8,45.9,0.0,0,0.0,无降水,0.0,0.0,35.6,16.7,213.3,1025.5,28.4,16.0,120.3,10.6,8,2020-05-13T05:56:59,2020-05-13T20:12:32,0.7,Partially cloudy,Partly cloudy throughout the day.,partly-cloudy-day,"KDCA,72405013743,72403793728,F0198,KADW,KDAA,74594013705"
"Washington,DC,USA",2020-05-14,21.2,10.8,16.1,21.2,10.8,16.1,10.1,68.4,0.552,100,8.33,rain,0.0,0.0,31.7,19.7,184.7,1023.4,62.0,15.9,77.7,6.8,4,2020-05-14T05:56:05,2020-05-14T20:13:27,0.75,"Rain, Partially cloudy",Partly cloudy throughout the day with rain.,rain,"C6294,KDCA,72405013743,72403793728,F0198,KADW,KDAA,74594013705"
"Washington,DC,USA",2020-05-15,29.3,16.7,22.8,29.0,16.7,22.8,15.2,65.6,0.036,100,4.17,rain,0.0,0.0,47.4,32.4,189.5,1015.9,53.0,16.0,118.6,10.3,8,2020-05-15T05:55:12,2020-05-15T20:14:21,0.77,"Rain, Partially cloudy",Partly cloudy throughout the day with early morning rain.,rain,"KDCA,72405013743,72403793728,F0198,KADW,KDAA,AS365,74594013705"
"Washington,DC,USA",2020-05-16,28.2,18.8,23.3,27.5,18.8,23.3,13.8,56.8,0.0,0,0.0,无降水,0.0,0.0,32.0,20.3,55.3,1017.1,55.3,16.0,96.6,8.2,7,2020-05-16T05:54:21,2020-05-16T20:15:14,0.8,Partially cloudy,Partly cloudy throughout the day.,partly-cloudy-day,"KDCA,72405013743,72403793728,F0198,KADW,KDAA,AS365,74594013705"
"Washington,DC,USA",2020-05-17,19.9,15.9,18.0,19.9,15.9,18.0,12.9,72.6,0.0,0,0.0,无降水,0.0,0.0,37.1,19.7,84.6,1021.4,71.1,16.0,38.4,3.3,1,2020-05-17T05:53:31,2020-05-17T20:16:07,0.83,Partially cloudy,Partly cloudy throughout the day.,partly-cloudy-day,"KDCA,72405013743,72403793728,F0198,KADW,KDAA,74594013705"
"Washington,DC,USA",2020-05-18,19.9,13.8,16.6,19.9,13.8,16.6,12.4,77.4,0.0,0,0.0,无降水,0.0,0.0,41.4,27.8,55.8,1017.3,96.6,14.5,34.4,2.8,1,2020-05-18T05:52:43,2020-05-18T20:17:00,0.87,Overcast,Cloudy skies throughout the day.,cloudy,"C6294,KDCA,72405013743,72403793728,72403093738,F0198,KGAI,KADW,KDAA,72033493764,74594013705"
"Washington,DC,USA",2020-05-19,20.5,13.7,16.6,20.5,13.7,16.6,5.1,48.4,0.0,0,0.0,无降水,0.0,0.0,61.0,40.4,74.7,1020.7,62.5,16.0,94.1,8.0,6,2020-05-19T05:51:57,2020-05-19T20:17:52,0.9,Partially cloudy,Partly cloudy throughout the day.,partly-cloudy-day,"KDCA,72405013743,72403793728,F0198,KADW,KDAA,74594013705"
"Washington,DC,USA",2020-05-20,17.7,11.6,14.0,17.7,11.6,14.0,5.2,56.0,0.0,0,0.0,无降水,0.0,0.0,47.3,33.9,69.9,1026.5,83.1,16.0,80.6,7.1,3,2020-05-20T05:51:12,2020-05-20T20:18:43,0.93,Partially cloudy,Partly cloudy throughout the day.,partly-cloudy-day,"KDCA,72405013743,72403793728,F0198,KADW,KDAA,AS365,74594013705"
"Washington,DC,USA",2020-05-21,21.7,10.5,15.9,21.7,10.5,15.9,10.6,71.5,0.0,0,0.0,无降水,0.0,0.0,39.2,26.1,73.3,1026.1,86.3,16.0,74.1,6.2,3,2020-05-21T05:50:29,2020-05-21T20:19:34,0.97,Partially cloudy,Partly cloudy throughout the day.,partly-cloudy-day,"KDCA,72405013743,72403793728,F0198,KADW,KDAA,AS365,74594013705"
"Washington,DC,USA",2020-05-22,24.9,15.6,19.5,24.9,15.6,19.5,17.1,86.3,13.88,100,45.83,rain,0.0,0.0,28.4,19.5,45.4,1018.2,83.6,13.0,34.8,2.8,2,2020-05-22T05:49:48,2020-05-22T20:20:24,0.0,"Rain, Partially cloudy",Partly cloudy throughout the day with a chance of rain throughout the day.,rain,"KDCA,72405013743,72403793728,F0198,KGAI,KADW,KDAA,AS365,72033493764,74594013705"
"Washington,DC,USA",2020-05-23,28.2,17.7,22.8,28.5,17.7,22.8,16.9,72.3,7.761,100,20.83,rain,0.0,0.0,33.3,22.9,327.4,1015.8,61.5,15.6,97.0,8.4,6,2020-05-23T05:49:09,2020-05-23T20:21:13,0.03,"Rain, Partially cloudy",Partly cloudy throughout the day with rain clearing later.,rain,"KDCA,72405013743,72403793728,F0198,KADW,KDAA,AS365,74594013705"
"Washington,DC,USA",2020-05-24,21.9,15.6,18.0,21.9,15.6,18.0,14.9,82.3,0.0,0,0.0,无降水,0.0,0.0,32.8,20.9,72.0,1021.8,94.2,15.8,39.8,3.5,2,2020-05-24T05:48:31,2020-05-24T20:22:02,0.07,Overcast,Cloudy skies throughout the day.,cloudy,"KDCA,72405013743,72403793728,F0198,KADW,KDAA,74594013705"
"Washington,DC,USA",2020-05-25,25.4,16.6,19.7,25.4,16.6,19.7,14.7,73.6,0.0,0,0.0,无降水,0.0,0.0,19.1,14.0,102.6,1022.4,67.8,16.0,71.7,6.0,2,2020-05-25T05:47:55,2020-05-25T20:22:49,0.1,Partially cloudy,Partly cloudy throughout the day.,partly-cloudy-day,"KDCA,72405013743,72403793728,D6279,F0198,KADW,KDAA,AS365,74594013705"
"Washington,DC,USA",2020-05-26,26.0,16.3,21.2,26.0,16.3,21.2,16.8,77.0,0.0,0,0.0,无降水,0.0,0.0,25.9,16.1,147.9,1022.2,53.8,15.8,98.5,8.3,6,2020-05-26T05:47:21,2020-05-26T20:23:36,0.14,Partially cloudy,Partly cloudy throughout the day.,partly-cloudy-day,"KDCA,72405013743,72403793728,F0198,KADW,KDAA,AS365,74594013705"
"Washington,DC,USA",2020-05-27,26.6,18.5,22.2,26.6,18.5,22.2,18.2,79.2,0.0,0,0.0,无降水,0.0,0.0,29.2,17.5,148.5,1021.9,67.3,15.8,63.1,5.5,2,2020-05-27T05:46:48,2020-05-27T20:24:22,0.18,Partially cloudy,Partly cloudy throughout the day.,partly-cloudy-day,"KDCA,72405013743,72403793728,F0198,KADW,KDAA,74594013705"
"Washington,DC,USA",2020-05-28,26.1,22.1,23.8,26.1,22.1,23.8,21.8,88.6,2.032,100,37.5,rain,0.0,0.0,44.3,25.5,162.5,1018.1,84.4,14.8,41.6,3.5,2,2020-05-28T05:46:17,2020-05-28T20:25:08,0.21,"Rain, Partially cloudy",Partly cloudy throughout the day with a chance of rain throughout the day.,rain,"C6294,KDCA,72405013743,72403793728,D6279,F0198,KADW,KDAA,74594013705"
"Washington,DC,USA",2020-05-29,29.9,23.3,26.0,32.9,23.3,27.0,22.1,80.1,0.0,0,0.0,无降水,0.0,0.0,44.6,30.3,191.3,1015.2,75.5,15.2,76.0,6.5,3,2020-05-29T05:45:49,2020-05-29T20:25:52,0.25,Partially cloudy,Partly cloudy throughout the day.,partly-cloudy-day,"KDCA,72405013743,72403793728,F0198,KADW,KDAA,AS365,74594013705"
"Washington,DC,USA",2020-05-30,28.3,20.5,24.3,27.4,20.5,24.1,13.8,55.7,0.278,100,4.17,rain,0.0,0.0,50.0,32.7,315.5,1014.2,49.2,16.0,98.0,8.6,9,2020-05-30T05:45:22,2020-05-30T20:26:35,0.28,"Rain, Partially cloudy",Partly cloudy throughout the day with early morning rain.,rain,"KDCA,72405013743,72403793728,F0198,KADW,KDAA,AS365,74594013705"
"Washington,DC,USA",2020-05-31,23.7,15.9,20.4,23.7,15.9,20.4,6.0,39.5,0.0,0,0.0,无降水,0.0,0.0,41.6,28.5,337.9,1019.5,36.8,16.0,97.8,8.3,7,2020-05-31T05:44:56,2020-05-31T20:27:17,0.32,Partially cloudy,Becoming cloudy in the afternoon.,partly-cloudy-day,"KDCA,72405013743,72403793728,F0198,KGAI,KADW,KDAA,AS365,72033493764,74594013705"
"Washington,DC,USA",2020-06-01,23.8,13.0,18.5,23.8,13.0,18.5,4.3,40.2,0.0,0,0.0,无降水,0.0,0.0,31.7,21.1,315.2,1024.1,36.0,16.0,101.6,8.8,8,2020-06-01T05:44:33,2020-06-01T20:27:58,0.35,Partially cloudy,Partly cloudy throughout the day.,partly-cloudy-day,"KDCA,72405013743,72403793728,F0198,KADW,KDAA,AS365,74594013705"
"Washington,DC,USA",2020-06-02,24.9,14.1,19.3,24.9,14.1,19.3,10.7,58.2,0.0,0,0.0,无降水,0.0,0.0,31.3,21.8,193.4,1017.4,69.2,16.0,62.9,5.3,3,2020-06-02T05:44:12,2020-06-02T20:28:38,0.39,Partially cloudy,Partly cloudy throughout the day.,partly-cloudy-day,"KDCA,72405013743,72403793728,F0198,KADW,KDAA,AS365,74594013705"
"Washington,DC,USA",2020-06-03,33.3,19.9,26.6,34.2,19.9,27.0,17.6,59.9,0.0,0,0.0,无降水,0.0,0.0,42.5,28.5,216.2,1007.7,64.1,16.0,84.6,7.2,4,2020-06-03T05:43:52,2020-06-03T20:29:17,0.42,Partially cloudy,Partly cloudy throughout the day.,partly-cloudy-day,"KIAD,KDCA,72405013743,72403793728,72403093738,F0198,KGAI,KADW,KDAA,AS365,72033493764,74594013705"
"Washington,DC,USA",2020-06-04,32.8,22.9,27.6,35.0,22.9,28.3,19.0,61.4,10.208,100,12.5,rain,0.0,0.0,79.6,20.2,175.5,1010.8,51.2,15.7,80.6,6.9,6,2020-06-04T05:43:34,2020-06-04T20:29:55,0.46,"Rain, Partially cloudy",Partly cloudy throughout the day with late afternoon rain.,rain,"KIAD,KDCA,72405013743,72403793728,72403093738,F0198,KGAI,KADW,KDAA,72033493764,74594013705"
"Washington,DC,USA",2020-06-05,30.6,21.5,24.8,33.7,21.5,25.6,21.1,81.5,36.408,100,33.33,rain,0.0,0.0,35.3,24.1,179.6,1012.4,64.4,15.4,63.8,5.4,3,2020-06-05T05:43:18,2020-06-05T20:30:31,0.5,"Rain, Partially cloudy",Partly cloudy throughout the day with rain.,rain,"KDCA,72405013743,72403793728,F0198,KGAI,KADW,KDAA,AS365,72033493764,74594013705"
"Washington,DC,USA",2020-06-06,32.7,22.1,27.1,34.8,22.1,27.9,19.6,67.3,0.022,100,4.17,rain,0.0,0.0,43.9,25.6,301.9,1010.5,57.7,16.0,89.8,7.6,5,2020-06-06T05:43:04,2020-06-06T20:31:06,0.53,"Rain, Partially cloudy",Partly cloudy throughout the day with early morning rain.,rain,"KIAD,KDCA,72405013743,72403793728,72403093738,F0198,KGAI,KADW,KDAA,72033493764,74594013705"
"Washington,DC,USA",2020-06-07,27.1,19.8,24.3,26.9,19.8,24.2,12.0,47.0,0.022,100,4.17,rain,0.0,0.0,32.8,23.2,338.1,1013.9,40.5,16.0,97.2,8.4,6,2020-06-07T05:42:52,2020-06-07T20:31:40,0.56,"Rain, Partially cloudy",Partly cloudy throughout the day with early morning rain.,rain,"KDCA,72405013743,72403793728,D6279,F0198,KADW,KDAA,74594013705"
"Washington,DC,USA",2020-06-08,27.8,17.5,22.9,27.3,17.5,22.8,11.5,50.4,0.0,0,0.0,无降水,0.0,0.0,22.7,19.4,28.5,1017.1,24.0,16.0,98.1,8.5,7,2020-06-08T05:42:42,2020-06-08T20:32:13,0.59,Partially cloudy,Partly cloudy throughout the day.,partly-cloudy-day,"KIAD,KDCA,72405013743,72403793728,72403093738,F0198,KGAI,KADW,KDAA,72033493764,74594013705"
"Washington,DC,USA",2020-06-09,31.2,18.9,25.4,35.4,18.9,27.0,18.8,67.3,0.0,0,0.0,无降水,0.0,0.0,27.7,22.8,176.6,1014.9,55.5,16.0,87.4,7.6,6,2020-06-09T05:42:33,2020-06-09T20:32:44,0.62,Partially cloudy,Partly cloudy throughout the day.,partly-cloudy-day,"KDCA,72405013743,72403793728,F0198,KGAI,KDAA,KADW,AS365,72033493764,74594013705"
"Washington,DC,USA",2020-06-10,31.6,24.2,27.8,37.7,24.2,30.5,23.0,75.4,0.0,0,0.0,无降水,0.0,0.0,48.6,35.9,184.1,1013.3,70.8,16.0,76.1,6.6,4,2020-06-10T05:42:27,2020-06-10T20:33:13,0.66,Partially cloudy,Partly cloudy throughout the day.,partly-cloudy-day,"KDCA,72405013743,72403793728,F0198,KGAI,KADW,KDAA,AS365,72033493764,74594013705"
"Washington,DC,USA",2020-06-11,29.9,23.7,26.4,30.9,23.7,26.7,20.9,73.6,9.136,100,33.33,rain,0.0,0.0,45.8,26.9,211.4,1016.0,79.4,15.0,62.2,5.5,4,2020-06-11T05:42:22,2020-06-11T20:33:42,0.69,"Rain, Partially cloudy",Partly cloudy throughout the day with a chance of rain throughout the day.,rain,"KDCA,72405013743,72403793728,F0198,KGAI,KADW,KDAA,72033493764,74594013705"
"Washington,DC,USA",2020-06-12,30.6,20.6,26.2,29.5,20.6,25.8,12.8,44.8,0.0,0,0.0,无降水,0.0,0.0,31.7,19.8,326.2,1020.0,40.5,16.0,92.5,8.0,7,2020-06-12T05:42:19,2020-06-12T20:34:08,0.72,Partially cloudy,Partly cloudy throughout the day.,partly-cloudy-day,"KDCA,72405013743,72403793728,F0198,KADW,KDAA,74594013705"
"Washington,DC,USA",2020-06-13,26.1,18.1,22.6,26.1,18.1,22.6,10.1,45.5,0.0,0,0.0,无降水,0.0,0.0,29.9,22.7,13.5,1021.9,34.3,16.0,88.8,7.8,7,2020-06-13T05:42:18,2020-06-13T20:34:34,0.75,Partially cloudy,Partly cloudy throughout the day.,partly-cloudy-day,"KDCA,72405013743,72403793728,F0198,KADW,KDAA,AS365,74594013705"
"Washington,DC,USA",2020-06-14,25.5,17.0,21.1,25.5,17.0,21.1,9.9,49.2,0.0,0,0.0,无降水,0.0,0.0,31.7,23.0,64.8,1025.9,56.8,16.0,85.0,7.1,7,2020-06-14T05:42:19,2020-06-14T20:34:57,0.79,Partially cloudy,Partly cloudy throughout the day.,partly-cloudy-day,"KDCA,72405013743,72403793728,F0198,KADW,KDAA,74594013705"
"Washington,DC,USA",2020-06-15,24.9,16.9,21.0,24.9,16.9,21.0,11.5,55.7,0.0,0,0.0,无降水,0.0,0.0,38.9,24.8,67.0,1027.4,67.2,16.0,91.0,7.8,6,2020-06-15T05:42:21,2020-06-15T20:35:19,0.82,Partially cloudy,Partly cloudy throughout the day.,partly-cloudy-day,"KDCA,72405013743,72403793728,F0198,KADW,KDAA,74594013705"
"Washington,DC,USA",2020-06-16,25.4,18.2,21.1,25.4,18.2,21.1,11.5,55.2,0.0,0,0.0,无降水,0.0,0.0,43.2,28.1,54.9,1026.2,67.3,16.0,75.0,6.5,3,2020-06-16T05:42:26,2020-06-16T20:35:40,0.85,Partially cloudy,Partly cloudy throughout the day.,partly-cloudy-day,"KDCA,72405013743,72403793728,F0198,KADW,KDAA,AS365,72033493764,74594013705"
"Washington,DC,USA",2020-06-17,22.0,18.2,20.0,22.0,18.2,20.0,16.6,81.1,20.202,100,37.5,rain,0.0,0.0,50.4,27.6,45.5,1021.5,88.6,14.0,29.9,2.4,1,2020-06-17T05:42:32,2020-06-17T20:35:59,0.88,"Rain, Partially cloudy",Partly cloudy throughout the day with rain.,rain,"KDCA,72405013743,72403793728,F0198,KADW,KDAA,AS365,74594013705"
"Washington,DC,USA",2020-06-18,27.1,19.9,23.1,27.9,19.9,23.1,18.7,78.1,0.407,100,16.67,rain,0.0,0.0,33.1,19.7,107.1,1019.0,80.1,14.9,51.8,4.4,3,2020-06-18T05:42:40,2020-06-18T20:36:16,0.92,"Rain, Partially cloudy",Partly cloudy throughout the day with rain clearing later.,rain,"KDCA,72405013743,72403793728,F0198,KADW,KDAA,AS365,74594013705"
"Washington,DC,USA",2020-06-19,27.8,20.3,23.8,29.2,20.3,24.0,19.3,76.9,0.278,100,8.33,rain,0.0,0.0,36.4,20.2,187.5,1018.9,62.4,16.0,52.8,4.6,3,2020-06-19T05:42:49,2020-06-19T20:36:31,0.95,"Rain, Partially cloudy",Partly cloudy throughout the day with rain.,rain,"KDCA,72405013743,72403793728,F0198,KGAI,KADW,KDAA,AS365,72033493764,74594013705"
"Washington,DC,USA",2020-06-20,26.0,20.4,22.5,26.0,20.4,22.5,19.8,84.9,14.357,100,25.0,rain,0.0,0.0,24.8,15.4,113.3,1017.4,52.6,15.3,40.5,3.4,1,2020-06-20T05:43:01,2020-06-20T20:36:45,0.98,"Rain, Partially cloudy",Partly cloudy throughout the day with afternoon rain.,rain,"KDCA,72405013743,72403793728,F0198,KADW,KDAA,AS365,74594013705"
"Washington,DC,USA",2020-06-21,29.2,21.4,24.6,30.4,21.4,25.2,20.3,78.2,0.0,0,0.0,无降水,0.0,0.0,22.7,19.6,111.6,1015.8,56.6,15.2,66.8,5.6,4,2020-06-21T05:43:14,2020-06-21T20:36:57,0.0,Partially cloudy,Partly cloudy throughout the day.,partly-cloudy-day,"KDCA,72405013743,72403793728,F0198,KADW,KDAA,AS365,74594013705"
"Washington,DC,USA",2020-06-22,31.6,21.4,25.5,35.4,21.4,26.6,20.9,76.9,0.265,100,16.67,rain,0.0,0.0,49.9,24.4,180.0,1014.2,46.6,16.0,68.9,5.8,5,2020-06-22T05:43:28,2020-06-22T20:37:07,0.05,"Rain, Partially cloudy",Partly cloudy throughout the day with late afternoon rain.,rain,"KDCA,72405013743,72403793728,F0198,KADW,KDAA,74594013705"
"Washington,DC,USA",2020-06-23,31.0,21.4,26.1,35.2,21.4,27.7,21.3,76.2,0.0,0,0.0,无降水,0.0,0.0,36.7,23.6,183.2,1008.4,56.4,15.9,67.0,5.7,3,2020-06-23T05:43:45,2020-06-23T20:37:15,0.09,Partially cloudy,Partly cloudy throughout the day.,partly-cloudy-day,"KDCA,72405013743,72403793728,D6279,F0198,KADW,KDAA,74594013705"
"Washington,DC,USA",2020-06-24,29.9,23.8,26.5,29.6,23.8,26.4,16.1,54.7,0.0,0,0.0,无降水,0.0,0.0,35.4,23.9,277.1,1009.3,55.5,16.0,85.7,7.2,6,2020-06-24T05:44:03,2020-06-24T20:37:22,0.12,Partially cloudy,Partly cloudy throughout the day.,partly-cloudy-day,"KDCA,72405013743,72403793728,72403093738,F0198,72406093721,KADW,KDAA,AS365,72033493764,74594013705"
"Washington,DC,USA",2020-06-25,29.3,21.8,25.2,29.4,21.8,25.4,17.1,61.7,0.0,0,0.0,无降水,0.0,0.0,26.3,16.1,165.0,1014.6,57.7,16.0,59.6,5.2,3,2020-06-25T05:44:22,2020-06-25T20:37:27,0.16,Partially cloudy,Partly cloudy throughout the day.,partly-cloudy-day,"72405013743,KDCA,72403793728,72403093738,72406093721,F0198,KADW,KDAA,72033493764,74594013705"
"Washington,DC,USA",2020-06-26,31.6,19.2,26.0,31.2,19.2,25.8,15.5,55.8,0.0,0,0.0,无降水,0.0,0.0,32.8,29.6,260.8,1016.1,43.3,16.0,75.7,6.4,6,2020-06-26T05:44:43,2020-06-26T20:37:30,0.19,Partially cloudy,Partly cloudy throughout the day.,partly-cloudy-day,"KDCA,72405013743,72403793728,F0198,KADW,KDAA,74594013705"
"Washington,DC,USA",2020-06-27,33.2,23.6,27.5,34.8,23.6,28.3,19.7,64.3,0.534,100,8.33,rain,0.0,0.0,51.5,24.9,217.3,1011.0,62.3,15.8,62.4,5.5,4,2020-06-27T05:45:06,2020-06-27T20:37:31,0.23,"Rain, Partially cloudy",Partly cloudy throughout the day with late afternoon rain.,rain,"KDCA,72405013743,72403793728,F0198,KADW,KDAA,AS365,74594013705"
"Washington,DC,USA",2020-06-28,32.1,24.2,28.0,34.0,24.2,29.1,20.2,63.7,0.0,0,0.0,无降水,0.0,0.0,36.7,19.7,285.6,1008.4,56.1,16.0,73.1,6.3,5,2020-06-28T05:45:30,2020-06-28T20:37:30,0.25,Partially cloudy,Partly cloudy throughout the day.,partly-cloudy-day,"KDCA,72405013743,72403793728,F0198,KADW,KDAA,AS365,74594013705"
"Washington,DC,USA",2020-06-29,33.1,24.3,28.7,33.2,24.3,28.9,17.9,54.3,0.0,0,0.0,无降水,0.0,0.0,35.3,27.1,335.6,1010.7,50.3,16.0,83.2,7.1,5,2020-06-29T05:45:56,2020-06-29T20:37:27,0.3,Partially cloudy,Becoming cloudy in the afternoon.,partly-cloudy-day,"KDCA,72405013743,72403793728,72403093738,F0198,72406093721,KGAI,KADW,KDAA,AS365,72033493764,74594013705"
"Washington,DC,USA",2020-06-30,32.7,22.6,27.9,32.3,22.6,28.0,17.0,53.7,0.0,0,0.0,无降水,0.0,0.0,29.2,20.4,352.2,1012.0,53.4,16.0,76.8,6.5,5,2020-06-30T05:46:23,2020-06-30T20:37:23,0.34,Partially cloudy,Clearing in the afternoon.,partly-cloudy-day,"KDCA,72405013743,72403793728,F0198,KGAI,KADW,KDAA,AS365,72033493764,74594013705"
"Washington,DC,USA",2020-07-01,30.0,22.6,25.9,31.6,22.6,26.5,20.0,70.6,3.133,100,16.67,rain,0.0,0.0,26.3,19.5,77.3,1011.5,54.0,16.0,71.2,6.0,4,2020-07-01T05:46:51,2020-07-01T20:37:16,0.37,"Rain, Partially cloudy",Partly cloudy throughout the day with rain.,rain,"KDCA,72405013743,72403793728,F0198,KGAI,KADW,KDAA,AS365,72033493764,74594013705"
"Washington,DC,USA",2020-07-02,33.3,22.0,27.8,33.7,22.0,28.1,18.0,57.9,0.0,0,0.0,无降水,0.0,0.0,31.7,19.7,346.9,1012.0,36.9,16.0,73.4,6.2,4,2020-07-02T05:47:21,2020-07-02T20:37:08,0.41,Partially cloudy,Becoming cloudy in the afternoon.,partly-cloudy-day,"KDCA,72405013743,72403793728,F0198,KGAI,KDAA,AS365,KADW,72033493764,74594013705"
"Washington,DC,USA",2020-07-03,35.5,24.1,30.3,37.0,24.1,31.0,18.0,49.2,0.0,0,0.0,无降水,0.0,0.0,29.5,20.2,321.4,1011.7,20.4,16.0,84.0,7.1,6,2020-07-03T05:47:52,2020-07-03T20:36:58,0.45,Partially cloudy,Partly cloudy throughout the day.,partly-cloudy-day,"KDCA,72405013743,72403793728,F0198,KADW,KDAA,74594013705"
"Washington,DC,USA",2020-07-04,33.6,25.3,29.2,35.6,25.3,30.7,20.0,58.3,0.537,100,4.17,rain,0.0,0.0,30.2,17.7,44.9,1012.7,40.9,15.7,73.0,6.2,4,2020-07-04T05:48:24,2020-07-04T20:36:45,0.48,"Rain, Partially cloudy",Becoming cloudy in the afternoon with afternoon rain.,rain,"KDCA,72405013743,72403793728,F0198,KADW,KDAA,AS365,74594013705"
"Washington,DC,USA",2020-07-05,33.6,24.2,28.4,38.7,24.2,30.7,22.4,71.3,0.0,0,0.0,无降水,0.0,0.0,31.7,24.7,186.9,1014.8,44.3,13.5,69.8,6.1,4,2020-07-05T05:48:58,2020-07-05T20:36:31,0.5,Partially cloudy,Partly cloudy throughout the day.,partly-cloudy-day,"KDCA,72405013743,72403793728,F0198,KADW,KDAA,74594013705"
"Washington,DC,USA",2020-07-06,34.8,23.7,28.0,40.5,23.7,29.9,22.6,73.8,11.12,100,20.83,rain,0.0,0.0,84.6,53.6,149.9,1016.1,48.9,15.8,70.4,6.0,5,2020-07-06T05:49:33,2020-07-06T20:36:15,0.55,"Rain, Partially cloudy",Partly cloudy throughout the day with late afternoon rain.,rain,"KDCA,72405013743,72403793728,F0198,KADW,KDAA,AS365,74594013705"
"Washington,DC,USA",2020-07-07,31.9,21.6,26.0,36.6,21.6,27.8,21.9,79.0,57.705,100,20.83,rain,0.0,0.0,51.8,35.3,132.2,1017.3,64.5,15.0,64.8,5.6,3,2020-07-07T05:50:09,2020-07-07T20:35:57,0.58,"Rain, Partially cloudy",Partly cloudy throughout the day with early morning rain.,rain,"KDCA,72405013743,72403793728,F0198,KADW,KDAA,AS365,74594013705"
"Washington,DC,USA",2020-07-08,32.7,24.1,28.2,35.5,24.1,29.5,21.6,69.9,0.0,0,0.0,无降水,0.0,0.0,27.7,19.4,163.0,1015.2,31.1,15.9,81.3,7.2,5,2020-07-08T05:50:46,2020-07-08T20:35:38,0.61,Partially cloudy,Partly cloudy throughout the day.,partly-cloudy-day,"KDCA,72405013743,72403793728,F0198,KADW,KDAA,AS365,74594013705"
"Washington,DC,USA",2020-07-09,31.6,24.0,27.9,34.9,24.0,29.6,22.0,71.8,0.0,0,0.0,无降水,0.0,0.0,32.0,17.5,89.7,1014.2,47.4,15.9,72.0,6.0,4,2020-07-09T05:51:24,2020-07-09T20:35:16,0.64,Partially cloudy,Partly cloudy throughout the day.,partly-cloudy-day,"KDCA,72405013743,72403793728,F0198,KADW,KDAA,AS365,74594013705"
"Washington,DC,USA",2020-07-10,32.0,24.8,27.9,35.6,24.8,29.7,22.2,72.2,0.0,0,0.0,无降水,0.0,0.0,40.7,25.2,12.1,1010.3,53.5,16.0,69.8,5.9,4,2020-07-10T05:52:04,2020-07-10T20:34:52,0.68,Partially cloudy,Partly cloudy throughout the day.,partly-cloudy-day,"C6294,KDCA,72405013743,72403793728,D6279,F0198,KADW,KDAA,74594013705"
"Washington,DC,USA",2020-07-11,33.3,24.2,28.5,35.3,24.2,29.4,20.0,62.2,0.0,0,0.0,无降水,0.0,0.0,38.4,26.9,269.8,1006.8,56.7,15.9,59.4,5.0,4,2020-07-11T05:52:44,2020-07-11T20:34:27,0.71,Partially cloudy,Partly cloudy throughout the day.,partly-cloudy-day,"KDCA,72405013743,72403793728,F0198,KADW,KDAA,AS365,74594013705"
"Washington,DC,USA",2020-07-12,31.6,22.8,27.3,32.9,22.8,28.0,17.9,57.2,0.602,100,8.33,rain,0.0,0.0,51.8,19.4,200.1,1008.4,43.9,16.0,58.0,4.8,4,2020-07-12T05:53:25,2020-07-12T20:34:00,0.75,"Rain, Partially cloudy",Becoming cloudy in the afternoon with rain.,rain,"KDCA,72405013743,72403793728,F0198,KADW,KDAA,AS365,74594013705"
"Washington,DC,USA",2020-07-13,32.1,21.5,26.8,31.9,21.5,27.0,18.1,61.8,3.051,100,4.17,rain,0.0,0.0,27.0,15.6,354.4,1010.6,53.6,16.0,70.7,6.1,5,2020-07-13T05:54:07,2020-07-13T20:33:30,0.77,"Rain, Partially cloudy",Partly cloudy throughout the day with late afternoon rain.,rain,"KDCA,72405013743,72403793728,F0198,KADW,KDAA,AS365,74594013705"
"Washington,DC,USA",2020-07-14,31.6,22.6,27.1,30.5,22.6,26.9,16.6,56.5,0.267,100,4.17,rain,0.0,0.0,34.7,20.9,334.4,1015.6,38.5,15.9,81.3,6.9,6,2020-07-14T05:54:50,2020-07-14T20:32:59,0.8,"Rain, Partially cloudy",Partly cloudy throughout the day with early morning rain.,rain,"KDCA,72405013743,72403793728,F0198,KADW,KDAA,AS365,74594013705"
"Washington,DC,USA",2020-07-15,32.1,21.9,27.4,32.4,21.9,27.9,18.3,59.4,0.0,0,0.0,无降水,0.0,0.0,33.5,18.0,141.9,1020.0,34.6,16.0,74.0,6.3,4,2020-07-15T05:55:34,2020-07-15T20:32:26,0.84,Partially cloudy,Becoming cloudy in the afternoon.,partly-cloudy-day,"KDCA,72405013743,72403793728,F0198,KADW,KDAA,AS365,74594013705"
"Washington,DC,USA",2020-07-16,30.5,24.2,26.7,33.2,24.2,27.8,21.6,74.3,0.0,0,0.0,无降水,0.0,0.0,43.6,24.1,140.8,1022.6,66.6,16.0,68.9,5.6,4,2020-07-16T05:56:19,2020-07-16T20:31:52,0.87,Partially cloudy,Partly cloudy throughout the day.,partly-cloudy-day,"C6294,KDCA,72405013743,72403793728,D6279,F0198,KADW,KDAA,74594013705"
"Washington,DC,USA",2020-07-17,34.9,24.2,29.0,38.9,24.2,31.6,22.2,68.8,0.0,0,0.0,无降水,0.0,0.0,33.8,20.3,183.0,1019.4,58.4,16.0,79.7,6.9,5,2020-07-17T05:57:05,2020-07-17T20:31:15,0.9,Partially cloudy,Partly cloudy throughout the day.,partly-cloudy-day,"KDCA,72405013743,72403793728,F0198,KADW,KDAA,AS365,74594013705"
"Washington,DC,USA",2020-07-18,36.0,26.4,31.0,36.6,26.4,32.6,19.3,52.8,0.0,0,0.0,无降水,0.0,0.0,27.7,14.2,61.0,1017.7,38.1,16.0,84.7,7.3,6,2020-07-18T05:57:51,2020-07-18T20:30:37,0.93,Partially cloudy,Partly cloudy throughout the day.,partly-cloudy-day,"KDCA,72405013743,72403793728,F0198,KADW,KDAA,AS365,74594013705"
"Washington,DC,USA",2020-07-19,37.0,26.3,31.2,40.9,26.3,34.7,22.4,61.4,0.0,0,0.0,无降水,0.0,0.0,33.5,19.7,192.1,1014.1,42.3,15.9,78.3,6.7,5,2020-07-19T05:58:38,2020-07-19T20:29:57,0.97,Partially cloudy,Partly cloudy throughout the day.,partly-cloudy-day,"KDCA,72405013743,72403793728,F0198,KADW,KDAA,AS365,74594013705"
"Washington,DC,USA",2020-07-20,36.6,26.1,30.8,42.4,26.1,33.8,22.0,61.3,3.706,100,16.67,rain,0.0,0.0,64.8,23.8,243.8,1012.8,62.4,15.7,51.8,4.4,2,2020-07-20T05:59:25,2020-07-20T20:29:15,0.0,"Rain, Partially cloudy",Partly cloudy throughout the day with late afternoon rain.,rain,"KDCA,72405013743,72403793728,F0198,KADW,KDAA,AS365,74594013705"
"Washington,DC,USA",2020-07-21,35.5,24.4,29.5,39.3,24.4,31.0,21.4,64.5,11.207,100,20.83,rain,0.0,0.0,37.1,14.4,157.2,1015.8,44.9,15.4,91.7,7.7,9,2020-07-21T06:00:14,2020-07-21T20:28:31,0.03,"Rain, Partially cloudy",Partly cloudy throughout the day with late afternoon rain.,rain,"C6294,KDCA,72405013743,72403793728,F0198,KADW,KDAA,74594013705"
"Washington,DC,USA",2020-07-22,34.2,23.2,26.2,41.4,23.2,27.7,23.1,84.3,14.85,100,25.0,rain,0.0,0.0,90.9,44.3,219.7,1017.3,52.5,16.0,74.5,6.5,6,2020-07-22T06:01:02,2020-07-22T20:27:46,0.07,"Rain, Partially cloudy",Partly cloudy throughout the day with rain.,rain,"C6294,KDCA,72405013743,72403793728,D6279,F0198,KADW,KDAA,AS365,74594013705"
"Washington,DC,USA",2020-07-23,33.3,23.2,27.3,38.2,23.2,29.3,22.5,76.9,43.963,100,12.5,rain,0.0,0.0,57.2,43.2,198.5,1017.7,61.2,15.4,74.7,6.5,5,2020-07-23T06:01:52,2020-07-23T20:26:59,0.11,"Rain, Partially cloudy",Partly cloudy throughout the day with late afternoon rain.,rain,"KDCA,72405013743,72403793728,F0198,KADW,KDAA,74594013705"
"Washington,DC,USA",2020-07-24,28.9,23.3,26.1,32.5,23.3,27.4,22.6,82.0,11.73,100,33.33,rain,0.0,0.0,20.5,16.4,162.2,1018.3,62.5,15.6,47.2,4.1,3,2020-07-24T06:02:42,2020-07-24T20:26:11,0.14,"Rain, Partially cloudy",Partly cloudy throughout the day with a chance of rain throughout the day.,rain,"KDCA,72405013743,72403793728,F0198,KADW,KDAA,AS365,74594013705"
"Washington,DC,USA",2020-07-25,33.5,23.1,27.9,37.5,23.1,30.4,22.5,73.6,0.0,0,0.0,无降水,0.0,0.0,19.4,14.6,117.2,1018.8,35.6,15.9,72.3,6.1,6,2020-07-25T06:03:32,2020-07-25T20:25:20,0.18,Partially cloudy,Partly cloudy throughout the day.,partly-cloudy-day,"C6294,KDCA,72405013743,72403793728,F0198,KADW,KDAA,AS365,74594013705"
"Washington,DC,USA",2020-07-26,34.3,25.5,30.2,35.8,25.5,32.1,21.1,61.4,0.0,0,0.0,无降水,0.0,0.0,35.3,23.2,258.5,1017.1,43.1,15.9,89.7,7.6,6,2020-07-26T06:04:23,2020-07-26T20:24:28,0.21,Partially cloudy,Partly cloudy throughout the day.,partly-cloudy-day,"C6294,KDCA,72405013743,72403793728,D6279,F0198,KADW,KDAA,74594013705"
"Washington,DC,USA",2020-07-27,34.9,25.7,30.8,38.5,25.7,33.1,20.7,56.2,0.0,0,0.0,无降水,0.0,0.0,33.5,21.4,230.5,1012.9,46.3,16.0,82.7,7.1,5,2020-07-27T06:05:14,2020-07-27T20:23:35,0.25,Partially cloudy,Partly cloudy throughout the day.,partly-cloudy-day,"KDCA,72405013743,72403793728,D6279,F0198,KADW,KDAA,74594013705"
"Washington,DC,USA",2020-07-28,33.8,25.9,29.7,38.1,25.9,32.3,21.9,64.1,0.0,0,0.0,无降水,0.0,0.0,37.8,23.0,273.5,1011.3,49.4,16.0,72.0,6.2,5,2020-07-28T06:06:05,2020-07-28T20:22:40,0.28,Partially cloudy,Partly cloudy throughout the day.,partly-cloudy-day,"C6294,KDCA,72405013743,72403793728,F0198,KADW,KDAA,74594013705"
"Washington,DC,USA",2020-07-29,33.3,23.7,28.7,33.2,23.7,29.2,19.2,60.1,0.0,0,0.0,无降水,0.0,0.0,27.7,21.0,224.6,1013.8,34.0,16.0,78.2,6.8,5,2020-07-29T06:06:57,2020-07-29T20:21:43,0.32,Partially cloudy,Partly cloudy throughout the day.,partly-cloudy-day,"KDCA,72405013743,72403793728,F0198,KADW,KDAA,AS365,74594013705"
"Washington,DC,USA",2020-07-30,33.8,23.8,28.8,39.5,23.8,30.6,22.0,69.1,3.356,100,12.5,rain,0.0,0.0,64.8,36.1,188.8,1011.7,51.3,16.0,75.7,6.6,5,2020-07-30T06:07:50,2020-07-30T20:20:45,0.36,"Rain, Partially cloudy",Partly cloudy throughout the day with late afternoon rain.,rain,"KIAD,KDCA,72405013743,72403793728,72403093738,F0198,72406093721,KGAI,KADW,KDAA,72033493764,74594013705"
"Washington,DC,USA",2020-07-31,26.5,23.3,24.8,26.5,23.3,24.8,22.2,85.6,3.077,100,50.0,rain,0.0,0.0,25.2,19.5,57.9,1009.7,76.2,15.2,19.6,1.7,1,2020-07-31T06:08:42,2020-07-31T20:19:45,0.39,"Rain, Partially cloudy",Partly cloudy throughout the day with a chance of rain throughout the day.,rain,"KDCA,72405013743,72403793728,D6279,F0198,KADW,KDAA,AS365,74594013705"
"Washington,DC,USA",2020-08-01,30.6,23.6,27.1,34.7,23.6,29.1,22.5,76.6,0.0,0,0.0,无降水,0.0,0.0,26.3,17.8,148.1,1013.1,59.6,16.0,44.4,3.9,2,2020-08-01T06:09:35,2020-08-01T20:18:44,0.43,Partially cloudy,Partly cloudy throughout the day.,partly-cloudy-day,"C6294,KDCA,72405013743,72403793728,F0198,KADW,KDAA,74594013705"
"Washington,DC,USA",2020-08-02,32.8,26.0,28.6,38.6,26.0,31.4,23.7,76.1,1.641,100,4.17,rain,0.0,0.0,66.6,27.3,185.1,1012.3,72.7,16.0,67.5,5.9,4,2020-08-02T06:10:28,2020-08-02T20:17:42,0.46,"Rain, Partially cloudy",Partly cloudy throughout the day with late afternoon rain.,rain,"KDCA,72405013743,72403793728,D6279,F0198,KADW,KDAA,74594013705"
"Washington,DC,USA",2020-08-03,30.5,23.2,26.4,32.3,23.2,27.2,19.8,68.9,11.412,100,37.5,rain,0.0,0.0,60.8,15.7,226.2,1017.0,55.3,15.4,66.9,5.5,6,2020-08-03T06:11:21,2020-08-03T20:16:38,0.5,"Rain, Partially cloudy",Partly cloudy throughout the day with rain.,rain,"KDCA,72405013743,72403793728,F0198,KADW,KDAA,AS365,74594013705"
"Washington,DC,USA",2020-08-04,30.5,21.1,24.7,32.1,21.1,25.1,20.8,80.2,66.477,100,62.5,rain,0.0,0.0,55.4,38.3,290.5,1010.9,65.7,12.7,53.3,4.5,2,2020-08-04T06:12:15,2020-08-04T20:15:33,0.53,"Rain, Partially cloudy",Partly cloudy throughout the day with rain.,rain,"KDCA,72405013743,72403793728,F0198,KADW,KDAA,AS365,74594013705"
"Washington,DC,USA",2020-08-05,30.6,21.5,26.3,31.3,21.5,26.8,19.4,67.7,0.036,100,4.17,rain,0.0,0.0,22.7,15.2,17.0,1016.9,42.9,15.9,79.7,6.8,5,2020-08-05T06:13:08,2020-08-05T20:14:26,0.56,"Rain, Partially cloudy",Becoming cloudy in the afternoon with early morning rain.,rain,"KDCA,72405013743,72403793728,72403093738,F0198,72406093721,KADW,KDAA,72033493764,74594013705"
"Washington,DC,USA",2020-08-06,29.8,22.8,25.8,33.6,22.8,26.6,21.6,77.9,14.831,100,29.17,rain,0.0,0.0,27.7,19.7,61.5,1018.0,59.7,15.3,49.3,4.3,4,2020-08-06T06:14:02,2020-08-06T20:13:18,0.6,"Rain, Partially cloudy",Partly cloudy throughout the day with a chance of rain throughout the day.,rain,"KDCA,72405013743,72403793728,F0198,KADW,KDAA,74594013705"
"Washington,DC,USA",2020-08-07,30.0,23.2,26.0,33.3,23.2,27.2,21.6,77.4,9.264,100,8.33,rain,0.0,0.0,50.0,20.2,168.2,1018.4,62.6,15.9,59.3,5.3,4,2020-08-07T06:14:56,2020-08-07T20:12:09,0.63,"Rain, Partially cloudy",Partly cloudy throughout the day with late afternoon rain.,rain,"KDCA,72405013743,72403793728,F0198,KADW,KDAA,74594013705"
"Washington,DC,USA",2020-08-08,29.7,22.7,25.5,32.0,22.7,26.1,21.2,78.0,0.022,100,4.17,rain,0.0,0.0,23.0,15.3,63.3,1020.5,65.2,16.0,48.9,4.3,2,2020-08-08T06:15:50,2020-08-08T20:10:58,0.66,"Rain, Partially cloudy",Partly cloudy throughout the day with early morning rain.,rain,"KDCA,72405013743,72403793728,F0198,KADW,KDAA,74594013705"
"Washington,DC,USA",2020-08-09,30.6,23.2,26.9,34.3,23.2,28.9,22.7,78.5,0.277,100,8.33,rain,0.0,0.0,29.5,19.7,181.8,1019.8,50.2,15.9,51.8,4.5,2,2020-08-09T06:16:44,2020-08-09T20:09:46,0.69,"Rain, Partially cloudy",Partly cloudy throughout the day with late afternoon rain.,rain,"KDCA,72405013743,72403793728,F0198,KGAI,KADW,KDAA,72033493764,74594013705"
"Washington,DC,USA",2020-08-10,32.8,24.1,28.1,36.9,24.1,30.5,23.2,76.0,0.0,0,0.0,无降水,0.0,0.0,18.0,23.1,177.5,1017.1,36.0,15.8,59.4,5.2,3,2020-08-10T06:17:38,2020-08-10T20:08:33,0.73,Partially cloudy,Partly cloudy throughout the day.,partly-cloudy-day,"KDCA,72405013743,72403793728,F0198,KGAI,KADW,KDAA,72033493764,74594013705"
"Washington,DC,USA",2020-08-11,32.2,24.7,28.2,37.8,24.7,31.2,23.7,77.3,0.0,0,0.0,无降水,0.0,0.0,24.8,19.8,175.6,1014.4,45.8,16.0,63.8,5.2,4,2020-08-11T06:18:33,2020-08-11T20:07:19,0.75,Partially cloudy,Partly cloudy throughout the day.,partly-cloudy-day,"KDCA,72405013743,72403793728,F0198,KADW,KDAA,74594013705"
"Washington,DC,USA",2020-08-12,32.7,23.8,27.2,38.1,23.8,29.3,23.0,78.3,8.444,100,29.17,rain,0.0,0.0,59.0,22.5,160.0,1016.2,51.3,15.5,69.8,6.0,5,2020-08-12T06:19:27,2020-08-12T20:06:04,0.79,"Rain, Partially cloudy",Partly cloudy throughout the day with a chance of rain throughout the day.,rain,"KDCA,72405013743,72403793728,F0198,KADW,KDAA,AS365,74594013705"
"Washington,DC,USA",2020-08-13,28.3,23.7,25.7,31.8,23.7,26.5,22.9,84.8,17.223,100,37.5,rain,0.0,0.0,21.2,14.3,57.2,1017.6,64.2,14.1,36.9,3.0,2,2020-08-13T06:20:21,2020-08-13T20:04:48,0.82,"Rain, Partially cloudy",Partly cloudy throughout the day with rain.,rain,"C6294,KDCA,72405013743,72403793728,D6279,F0198,KGAI,KADW,KDAA,AS365,72033493764,74594013705"
"Washington,DC,USA",2020-08-14,30.6,24.2,26.2,33.8,24.2,27.1,22.2,79.5,3.203,100,16.67,rain,0.0,0.0,37.1,21.2,41.8,1015.2,73.7,15.5,56.0,4.8,3,2020-08-14T06:21:15,2020-08-14T20:03:30,0.86,"Rain, Partially cloudy",Partly cloudy throughout the day with rain.,rain,"KDCA,72405013743,72403793728,F0198,KADW,KDAA,74594013705"
"Washington,DC,USA",2020-08-15,26.0,23.2,24.5,26.0,23.2,24.5,20.0,76.2,0.329,100,20.83,rain,0.0,0.0,33.5,19.4,52.0,1014.9,77.3,16.0,29.1,2.5,1,2020-08-15T06:22:10,2020-08-15T20:02:12,0.89,"Rain, Partially cloudy",Partly cloudy throughout the day with a chance of rain throughout the day.,rain,"KDCA,72405013743,72403793728,F0198,KADW,KDAA,AS365,74594013705"
"Washington,DC,USA",2020-08-16,24.8,18.8,21.5,24.8,18.8,21.5,18.7,84.4,32.094,100,58.33,rain,0.0,0.0,36.0,26.7,22.6,1013.7,65.5,13.5,29.1,2.3,1,2020-08-16T06:23:04,2020-08-16T20:00:52,0.92,"Rain, Partially cloudy",Partly cloudy throughout the day with a chance of rain throughout the day.,rain,"KDCA,72405013743,72403793728,F0198,KADW,KDAA,74594013705"
"Washington,DC,USA",2020-08-17,27.9,18.6,23.0,29.5,18.6,23.4,19.2,80.0,3.227,100,8.33,rain,0.0,0.0,27.4,19.6,193.1,1013.7,36.5,15.9,49.5,4.3,4,2020-08-17T06:23:58,2020-08-17T19:59:32,0.95,"Rain, Partially cloudy",Becoming cloudy in the afternoon with rain.,rain,"KDCA,72405013743,72403793728,F0198,KADW,KDAA,74594013705"
"Washington,DC,USA",2020-08-18,30.9,20.4,24.9,31.3,20.4,25.1,18.0,68.1,0.0,0,0.0,无降水,0.0,0.0,22.3,19.6,296.9,1012.2,27.8,16.0,72.7,6.3,5,2020-08-18T06:24:53,2020-08-18T19:58:10,0.0,Partially cloudy,Partly cloudy throughout the day.,partly-cloudy-day,"KDCA,72405013743,72403793728,F0198,KADW,KDAA,74594013705"
"Washington,DC,USA",2020-08-19,28.7,20.6,24.1,29.2,20.6,24.3,18.4,71.8,2.488,100,20.83,rain,0.0,0.0,31.7,19.5,312.1,1013.6,47.1,15.8,73.4,6.0,5,2020-08-19T06:25:47,2020-08-19T19:56:48,0.02,"Rain, Partially cloudy",Partly cloudy throughout the day with rain clearing later.,rain,"C6294,KDCA,72405013743,72403793728,F0198,KGAI,KADW,KDAA,72033493764,74594013705"
"Washington,DC,USA",2020-08-20,28.3,19.8,24.1,28.7,19.8,24.3,17.6,68.4,0.0,0,0.0,无降水,0.0,0.0,23.8,15.4,85.0,1017.0,53.5,16.0,53.0,4.7,3,2020-08-20T06:26:41,2020-08-20T19:55:24,0.06,Partially cloudy,Partly cloudy throughout the day.,partly-cloudy-day,"KDCA,72405013743,72403793728,F0198,KADW,KDAA,74594013705"
"Washington,DC,USA",2020-08-21,28.3,20.8,24.7,30.7,20.8,25.2,20.4,78.0,0.0,0,0.0,无降水,0.0,0.0,23.8,16.0,181.8,1015.5,65.5,16.0,57.3,4.8,3,2020-08-21T06:27:35,2020-08-21T19:54:00,0.09,Partially cloudy,Partly cloudy throughout the day.,partly-cloudy-day,"KDCA,72405013743,72403793728,F0198,KADW,KDAA,74594013705"
"Washington,DC,USA",2020-08-22,28.8,23.2,25.6,31.8,23.2,26.4,21.8,79.9,0.011,100,4.17,rain,0.0,0.0,22.3,16.0,186.8,1015.0,66.2,15.9,54.3,4.5,3,2020-08-22T06:28:29,2020-08-22T19:52:35,0.13,"Rain, Partially cloudy",Partly cloudy throughout the day with early morning rain.,rain,"KDCA,72405013743,72403793728,F0198,KADW,KDAA,AS365,74594013705"
"Washington,DC,USA",2020-08-23,31.1,24.1,27.3,35.7,24.1,29.2,22.7,77.4,0.011,100,4.17,rain,0.0,0.0,26.3,21.5,183.2,1017.0,65.2,16.0,61.8,5.2,4,2020-08-23T06:29:23,2020-08-23T19:51:09,0.16,"Rain, Partially cloudy",Partly cloudy throughout the day with morning rain.,rain,"KDCA,72405013743,72403793728,F0198,KADW,KDAA,AS365,74594013705"
"Washington,DC,USA",2020-08-24,30.7,24.2,26.9,34.3,24.2,28.6,22.7,78.1,1.195,100,12.5,rain,0.0,0.0,50.0,17.6,198.1,1017.1,47.8,15.9,57.9,5.0,3,2020-08-24T06:30:17,2020-08-24T19:49:43,0.2,"Rain, Partially cloudy",Partly cloudy throughout the day with afternoon rain.,rain,"KDCA,72405013743,72403793728,F0198,KADW,KDAA,74594013705"
"Washington,DC,USA",2020-08-25,32.8,23.2,27.3,36.0,23.2,28.5,21.2,71.3,0.583,100,8.33,rain,0.0,0.0,46.1,25.3,245.8,1013.5,50.4,16.0,61.3,5.3,4,2020-08-25T06:31:11,2020-08-25T19:48:15,0.25,"Rain, Partially cloudy",Becoming cloudy in the afternoon with late afternoon rain.,rain,"KDCA,72405013743,72403793728,F0198,KGAI,KADW,KDAA,72033493764,74594013705"
"Washington,DC,USA",2020-08-26,30.6,22.0,26.4,30.8,22.0,26.6,17.7,60.0,0.0,0,0.0,无降水,0.0,0.0,31.7,21.6,294.6,1015.6,46.1,16.0,82.6,7.3,6,2020-08-26T06:32:05,2020-08-26T19:46:47,0.27,Partially cloudy,Partly cloudy throughout the day.,partly-cloudy-day,"KDCA,72405013743,72403793728,F0198,KGAI,KADW,KDAA,72033493764,74594013705"
"Washington,DC,USA",2020-08-27,33.7,23.2,28.6,38.3,23.2,30.6,21.1,65.1,0.0,0,0.0,无降水,0.0,0.0,50.8,30.6,227.6,1011.9,52.1,16.0,69.1,6.0,5,2020-08-27T06:32:59,2020-08-27T19:45:19,0.3,Partially cloudy,Partly cloudy throughout the day.,partly-cloudy-day,"KDCA,72405013743,72403793728,F0198,KADW,KDAA,74594013705"
"Washington,DC,USA",2020-08-28,33.7,23.7,27.8,37.8,23.7,29.4,21.1,68.5,32.348,100,20.83,rain,0.0,0.0,68.4,23.3,244.2,1011.7,62.1,15.3,49.4,4.1,2,2020-08-28T06:33:53,2020-08-28T19:43:49,0.34,"Rain, Partially cloudy",Partly cloudy throughout the day with late afternoon rain.,rain,"KDCA,72405013743,72403793728,F0198,KADW,KDAA,74594013705"
"Washington,DC,USA",2020-08-29,30.4,22.7,25.6,35.1,22.7,26.7,22.5,84.4,18.139,100,58.33,rain,0.0,0.0,34.6,20.1,217.5,1004.3,64.3,14.9,35.5,3.0,2,2020-08-29T06:34:47,2020-08-29T19:42:19,0.37,"Rain, Partially cloudy",Partly cloudy throughout the day with a chance of rain throughout the day.,rain,"KDCA,72405013743,72403793728,72403093738,F0198,72406093721,KADW,KDAA,AS365,72033493764,74594013705"
"Washington,DC,USA",2020-08-30,28.2,19.8,24.5,28.2,19.8,24.5,15.2,57.1,0.0,0,0.0,无降水,0.0,0.0,37.1,23.1,323.0,1009.7,48.7,15.9,81.5,7.1,7,2020-08-30T06:35:40,2020-08-30T19:40:48,0.41,Partially cloudy,Partly cloudy throughout the day.,partly-cloudy-day,"72405013743,KDCA,72403793728,72403093738,72406093721,F0198,KADW,KDAA,72033493764,74594013705"
"Washington,DC,USA",2020-08-31,24.9,20.5,22.2,24.9,20.5,22.2,18.2,78.3,10.076,100,37.5,rain,0.0,0.0,25.2,14.1,112.8,1016.4,67.4,14.9,22.3,1.8,1,2020-08-31T06:36:34,2020-08-31T19:39:17,0.44,"Rain, Partially cloudy",Partly cloudy throughout the day with rain.,rain,"72405013743,KDCA,72403793728,72403093738,72406093721,F0198,KADW,KDAA,AS365,72033493764,74594013705"
"Washington,DC,USA",2020-09-01,27.6,20.5,23.4,29.5,20.5,23.6,20.0,81.8,2.53,100,29.17,rain,0.0,0.0,26.3,14.0,75.0,1017.3,72.2,15.7,30.2,2.6,2,2020-09-01T06:37:28,2020-09-01T19:37:46,0.48,"Rain, Partially cloudy",Partly cloudy throughout the day with rain.,rain,"C6294,KDCA,72405013743,72403793728,F0198,KADW,KDAA,AS365,74594013705"
"Washington,DC,USA",2020-09-02,30.6,23.7,26.5,35.8,23.7,28.6,23.2,82.7,0.41,100,8.33,rain,0.0,0.0,35.6,24.8,183.3,1012.5,66.2,15.8,59.9,5.0,6,2020-09-02T06:38:21,2020-09-02T19:36:13,0.5,"Rain, Partially cloudy",Partly cloudy throughout the day with rain clearing later.,rain,"KDCA,72405013743,72403793728,F0198,KADW,KDAA,74594013705"
"Washington,DC,USA",2020-09-03,32.7,24.7,27.6,38.6,24.7,29.5,23.5,79.6,9.36,100,8.33,rain,0.0,0.0,47.9,33.8,171.3,1009.8,47.8,15.4,60.6,5.2,3,2020-09-03T06:39:15,2020-09-03T19:34:41,0.55,"Rain, Partially cloudy",Partly cloudy throughout the day with late afternoon rain.,rain,"KDCA,72405013743,72403793728,F0198,KGAI,KADW,KDAA,AS365,72033493764,74594013705"
"Washington,DC,USA",2020-09-04,32.1,22.7,26.8,33.6,22.7,27.6,20.8,71.9,0.278,100,4.17,rain,0.0,0.0,40.7,22.8,274.1,1013.1,35.0,15.9,55.9,4.7,7,2020-09-04T06:40:08,2020-09-04T19:33:07,0.58,"Rain, Partially cloudy",Becoming cloudy in the afternoon with early morning rain.,rain,"KDCA,72405013743,72403793728,F0198,KADW,KDAA,74594013705"
"Washington,DC,USA",2020-09-05,27.1,17.8,22.8,27.0,17.8,22.8,12.4,53.8,0.0,0,0.0,无降水,0.0,0.0,24.1,15.9,340.6,1022.7,35.0,16.0,84.0,7.2,9,2020-09-05T06:41:02,2020-09-05T19:31:34,0.61,Partially cloudy,Partly cloudy throughout the day.,partly-cloudy-day,"KDCA,72405013743,72403793728,F0198,KADW,KDAA,AS365,74594013705"
"Washington,DC,USA",2020-09-06,28.2,16.9,22.7,28.1,16.9,22.7,15.4,65.5,0.0,0,0.0,无降水,0.0,0.0,19.1,17.4,182.0,1022.1,17.7,16.0,82.7,7.2,8,2020-09-06T06:41:55,2020-09-06T19:30:00,0.65,Clear,Clear conditions throughout the day.,clear-day,"KDCA,72405013743,72403793728,72403093738,F0198,72406093721,KADW,KDAA,AS365,72033493764,74594013705"
"Washington,DC,USA",2020-09-07,28.2,18.0,23.0,28.8,18.0,23.0,16.2,67.6,0.0,0,0.0,无降水,0.0,0.0,27.4,14.6,173.9,1018.5,41.9,16.0,78.8,6.9,7,2020-09-07T06:42:49,2020-09-07T19:28:25,0.68,Partially cloudy,Partly cloudy throughout the day.,partly-cloudy-day,"KDCA,72405013743,72403793728,D6279,F0198,KADW,KDAA,AS365,74594013705"
"Washington,DC,USA",2020-09-08,29.8,18.6,24.3,31.0,18.6,24.9,18.7,72.3,0.0,0,0.0,无降水,0.0,0.0,23.0,12.1,86.9,1019.9,50.8,16.0,58.4,5.1,3,2020-09-08T06:43:42,2020-09-08T19:26:51,0.71,Partially cloudy,Partly cloudy throughout the day.,partly-cloudy-day,"KDCA,72405013743,72403793728,D6279,F0198,KADW,KDAA,74594013705"
"Washington,DC,USA",2020-09-09,26.0,22.7,24.1,26.0,22.7,24.1,22.3,89.5,16.715,100,41.67,rain,0.0,0.0,29.2,25.4,43.6,1023.5,75.2,13.6,24.8,2.0,1,2020-09-09T06:44:35,2020-09-09T19:25:16,0.74,"Rain, Partially cloudy",Partly cloudy throughout the day with rain.,rain,"KDCA,72405013743,72403793728,F0198,KADW,KDAA,AS365,74594013705"
"Washington,DC,USA",2020-09-10,26.6,24.2,25.1,26.6,24.2,25.1,23.8,92.2,68.131,100,45.83,rain,0.0,0.0,27.7,14.8,39.9,1022.0,77.7,12.3,18.6,1.7,1,2020-09-10T06:45:29,2020-09-10T19:23:40,0.75,"Rain, Partially cloudy",Partly cloudy throughout the day with a chance of rain throughout the day.,rain,"KDCA,72405013743,72403793728,D6279,F0198,KADW,KDAA,74594013705"
"Washington,DC,USA",2020-09-11,26.6,23.7,24.8,26.6,23.7,24.8,21.7,83.1,0.0,0,0.0,无降水,0.0,0.0,34.9,25.0,11.9,1020.7,84.5,15.7,29.4,2.4,1,2020-09-11T06:46:22,2020-09-11T19:22:05,0.81,Partially cloudy,Partly cloudy throughout the day.,partly-cloudy-day,"KIAD,72403793728,KGAI,KADW,74594013705,KDCA,72405013743,D6279,72403093738,F0198,KDAA,AS365,72033493764"
"Washington,DC,USA",2020-09-12,23.8,19.1,21.9,23.8,19.1,21.9,17.5,76.2,0.109,100,4.17,rain,0.0,0.0,34.9,17.6,78.0,1023.1,73.0,15.9,22.5,1.7,1,2020-09-12T06:47:16,2020-09-12T19:20:29,0.84,"Rain, Partially cloudy",Partly cloudy throughout the day with early morning rain.,rain,"C6294,KDCA,72405013743,72403793728,D6279,F0198,KADW,KDAA,74594013705"
"Washington,DC,USA",2020-09-13,26.7,16.5,21.9,27.9,16.5,22.0,17.1,74.8,0.0,0,0.0,无降水,0.0,0.0,26.6,17.9,147.4,1019.6,32.2,16.0,74.5,6.5,5,2020-09-13T06:48:09,2020-09-13T19:18:53,0.88,Partially cloudy,Partly cloudy throughout the day.,partly-cloudy-day,"KDCA,72405013743,72403793728,D6279,F0198,KADW,KDAA,74594013705"
"Washington,DC,USA",2020-09-14,26.0,19.0,23.2,26.0,19.0,23.2,16.3,66.6,0.011,100,4.17,rain,0.0,0.0,47.9,25.0,0.5,1020.7,57.8,16.0,59.5,5.2,4,2020-09-14T06:49:03,2020-09-14T19:17:17,0.91,"Rain, Partially cloudy",Partly cloudy throughout the day with morning rain.,rain,"KDCA,72405013743,72403793728,F0198,KADW,KDAA,AS365,74594013705"
"Washington,DC,USA",2020-09-15,21.0,13.0,17.0,21.0,13.0,17.0,8.5,58.3,0.0,0,0.0,无降水,0.0,0.0,40.7,22.8,30.0,1026.4,68.3,16.0,71.0,6.4,4,2020-09-15T06:49:56,2020-09-15T19:15:41,0.94,Partially cloudy,Partly cloudy throughout the day.,partly-cloudy-day,"KDCA,72405013743,72403793728,F0198,KADW,KDAA,72033493764,74594013705"
"Washington,DC,USA",2020-09-16,22.8,13.0,17.9,22.8,13.0,17.9,12.9,73.4,0.005,100,4.17,rain,0.0,0.0,26.6,15.9,175.1,1023.0,62.6,16.0,133.0,11.7,6,2020-09-16T06:50:50,2020-09-16T19:14:04,0.97,"Rain, Partially cloudy",Partly cloudy throughout the day with afternoon rain.,rain,"KDCA,72405013743,72403793728,F0198,KADW,KDAA,F8307,74594013705"
"Washington,DC,USA",2020-09-17,22.8,18.7,20.7,22.8,18.7,20.7,17.1,80.5,9.34,100,29.17,rain,0.0,0.0,15.5,13.7,158.6,1016.8,78.5,14.8,52.3,4.5,2,2020-09-17T06:51:44,2020-09-17T19:12:28,0.0,"Rain, Partially cloudy",Partly cloudy throughout the day with rain.,rain,"KDCA,72405013743,72403793728,KGAI,KADW,KDAA,F8307,72033493764,74594013705"
"Washington,DC,USA",2020-09-18,23.7,17.6,20.4,23.7,17.6,20.4,15.1,73.4,2.299,100,25.0,rain,0.0,0.0,47.2,29.6,7.0,1014.9,64.7,15.1,126.6,10.9,4,2020-09-18T06:52:37,2020-09-18T19:10:51,0.04,"Rain, Partially cloudy",Partly cloudy throughout the day with early morning rain.,rain,"KDCA,72405013743,72403793728,D6279,KADW,KDAA,F8307,74594013705"
"Washington,DC,USA",2020-09-19,18.7,9.8,14.6,18.7,7.0,14.5,2.7,45.9,0.0,0,0.0,无降水,0.0,0.0,44.6,30.0,19.0,1026.4,29.9,16.0,193.9,16.7,7,2020-09-19T06:53:31,2020-09-19T19:09:15,0.08,Partially cloudy,Partly cloudy throughout the day.,partly-cloudy-day,"KDCA,72405013743,72403793728,KADW,KDAA,F8307,74594013705"
"Washington,DC,USA",2020-09-20,20.4,8.1,14.3,20.4,6.2,13.9,5.5,58.5,0.0,0,0.0,无降水,0.0,0.0,29.5,21.7,33.9,1031.4,16.3,16.0,190.2,16.4,7,2020-09-20T06:54:25,2020-09-20T19:07:38,0.11,Clear,Clear conditions throughout the day.,clear-day,"KDCA,72405013743,72403793728,KADW,KDAA,F8307,74594013705"
"Washington,DC,USA",2020-09-21,19.2,9.6,14.3,19.2,7.8,14.1,4.9,55.4,0.0,0,0.0,无降水,0.0,0.0,36.7,21.5,36.9,1032.9,17.3,16.0,191.8,16.6,7,2020-09-21T06:55:19,2020-09-21T19:06:02,0.15,Clear,Clear conditions throughout the day.,clear-day,"KDCA,72405013743,72403793728,KADW,KDAA,F8307,74594013705"
"Washington,DC,USA",2020-09-22,22.1,8.5,15.2,22.1,7.2,15.1,6.2,58.1,0.0,0,0.0,无降水,0.0,0.0,31.7,16.4,309.6,1022.5,11.9,16.0,185.5,16.0,6,2020-09-22T06:56:14,2020-09-22T19:04:25,0.18,Clear,Clear conditions throughout the day.,clear-day,"KDCA,72405013743,72403793728,KADW,KDAA,F8307,74594013705"
"Washington,DC,USA",2020-09-23,26.7,13.2,19.9,26.7,13.2,19.9,9.9,54.1,0.073,100,4.17,rain,0.0,0.0,35.0,17.8,279.7,1015.8,46.7,16.0,183.7,15.9,6,2020-09-23T06:57:08,2020-09-23T19:02:49,0.25,"Rain, Partially cloudy",Partly cloudy throughout the day with morning rain.,rain,"KDCA,72405013743,72403793728,KADW,KDAA,F8307,74594013705"
"Washington,DC,USA",2020-09-24,22.1,16.0,19.0,22.1,16.0,19.0,14.8,77.1,0.0,0,0.0,无降水,0.0,0.0,17.6,15.9,200.2,1016.4,76.3,16.0,53.4,4.7,2,2020-09-24T06:58:03,2020-09-24T19:01:13,0.25,Partially cloudy,Partly cloudy throughout the day.,partly-cloudy-day,"KDCA,72405013743,72403793728,KADW,KDAA,F8307,74594013705"
"Washington,DC,USA",2020-09-25,20.0,16.5,18.2,20.0,16.5,18.2,16.0,87.6,1.468,100,20.83,rain,0.0,0.0,25.9,16.0,177.1,1019.0,69.7,15.9,55.9,4.9,2,2020-09-25T06:58:57,2020-09-25T18:59:37,0.28,"Rain, Partially cloudy",Partly cloudy throughout the day with rain.,rain,"KDCA,72405013743,72403793728,KADW,KDAA,F8307,74594013705"
"Washington,DC,USA",2020-09-26,22.1,17.1,19.3,22.1,17.1,19.3,17.6,90.1,16.203,100,50.0,rain,0.0,0.0,25.6,14.3,12.6,1017.0,90.2,12.7,61.6,5.2,2,2020-09-26T06:59:52,2020-09-26T18:58:01,0.32,"Rain, Overcast",Cloudy skies throughout the day with a chance of rain throughout the day.,rain,"KDCA,72405013743,72403793728,KGAI,KADW,KDAA,F8307,72033493764,74594013705"
"Washington,DC,USA",2020-09-27,24.9,19.9,21.8,24.9,19.9,21.8,19.4,86.9,1.056,100,25.0,rain,0.0,0.0,21.6,10.7,87.2,1014.3,83.7,12.7,82.7,7.1,4,2020-09-27T07:00:47,2020-09-27T18:56:25,0.35,"Rain, Partially cloudy",Partly cloudy throughout the day with a chance of rain throughout the day.,rain,"KDCA,72405013743,72403793728,KADW,KDAA,F8307,74594013705"
"Washington,DC,USA",2020-09-28,26.7,19.3,22.4,28.3,19.3,22.6,19.4,83.7,0.303,100,8.33,rain,0.0,0.0,37.8,18.0,183.7,1011.9,62.1,16.0,130.0,11.5,5,2020-09-28T07:01:42,2020-09-28T18:54:50,0.39,"Rain, Partially cloudy",Partly cloudy throughout the day with rain.,rain,"KDCA,72405013743,72403793728,KADW,KDAA,F8307,74594013705"
"Washington,DC,USA",2020-09-29,26.2,13.8,21.6,26.2,13.8,21.6,18.2,81.4,1.333,100,16.67,rain,0.0,0.0,49.3,25.6,210.1,1009.1,67.5,15.8,113.6,9.7,6,2020-09-29T07:02:38,2020-09-29T18:53:15,0.42,"Rain, Partially cloudy",Partly cloudy throughout the day with late afternoon rain.,rain,"KDCA,72405013743,72403793728,KADW,KDAA,F8307,74594013705"
"Washington,DC,USA",2020-09-30,21.6,13.3,17.0,21.6,13.3,17.0,11.2,71.2,6.266,100,25.0,rain,0.0,0.0,50.4,26.6,226.9,1009.3,39.3,15.6,126.5,11.0,6,2020-09-30T07:03:34,2020-09-30T18:51:40,0.46,"Rain, Partially cloudy",Clearing in the afternoon with early morning rain.,rain,"KDCA,72405013743,72403793728,KGAI,KADW,KDAA,72033493764,F8307,74594013705"
"Washington,DC,USA",2020-10-01,24.3,13.7,18.2,24.3,13.7,18.2,12.2,69.9,0.62,100,20.83,rain,0.0,0.0,28.8,19.4,262.6,1013.7,48.7,16.0,128.6,11.1,6,2020-10-01T07:04:29,2020-10-01T18:50:06,0.5,"Rain, Partially cloudy",Partly cloudy throughout the day with late afternoon rain.,rain,"KDCA,72405013743,72403793728,KADW,KDAA,F8307,74594013705"
"Washington,DC,USA",2020-10-02,19.8,13.4,16.0,19.8,13.4,16.0,9.3,67.4,2.73,100,33.33,rain,0.0,0.0,38.7,23.4,304.3,1017.3,50.3,16.0,109.8,9.5,6,2020-10-02T07:05:26,2020-10-02T18:48:31,0.53,"Rain, Partially cloudy",Partly cloudy throughout the day with rain clearing later.,rain,"KDCA,72405013743,72403793728,KADW,KDAA,F8307,74594013705"
"Washington,DC,USA",2020-10-03,19.9,9.2,14.5,19.9,7.2,14.3,5.5,57.0,0.0,0,0.0,无降水,0.0,0.0,25.9,19.5,331.0,1023.7,13.3,16.0,166.2,14.4,6,2020-10-03T07:06:22,2020-10-03T18:46:58,0.56,Clear,Clear conditions throughout the day.,clear-day,"KDCA,72405013743,72403793728,KADW,KDAA,F8307,74594013705"
"Washington,DC,USA",2020-10-04,20.5,8.6,14.9,20.5,7.2,14.7,8.2,67.3,0.0,0,0.0,无降水,0.0,0.0,21.2,11.9,33.9,1022.6,33.2,16.0,152.4,13.1,6,2020-10-04T07:07:19,2020-10-04T18:45:24,0.59,Partially cloudy,Partly cloudy throughout the day.,partly-cloudy-day,"KDCA,72405013743,72403793728,KADW,KDAA,F8307,74594013705"
"Washington,DC,USA",2020-10-05,20.6,12.8,16.4,20.6,12.8,16.4,9.2,64.4,0.545,100,8.33,rain,0.0,0.0,40.7,27.1,315.4,1021.3,58.0,16.0,120.5,10.5,6,2020-10-05T07:08:15,2020-10-05T18:43:52,0.63,"Rain, Partially cloudy",Partly cloudy throughout the day with rain clearing later.,rain,"KDCA,72405013743,72403793728,KADW,KDAA,F8307,74594013705"
"Washington,DC,USA",2020-10-06,22.1,9.1,15.8,22.1,8.3,15.8,10.6,72.7,0.0,0,0.0,无降水,0.0,0.0,29.5,19.6,199.7,1019.7,18.5,16.0,159.2,13.9,6,2020-10-06T07:09:13,2020-10-06T18:42:19,0.66,Clear,Clear conditions throughout the day.,clear-day,"KDCA,72405013743,72403793728,KADW,KDAA,F8307,74594013705"
"Washington,DC,USA",2020-10-07,26.6,13.1,19.8,26.6,13.1,19.8,13.0,68.1,0.0,0,0.0,无降水,0.0,0.0,41.7,28.0,219.5,1010.9,29.4,16.0,156.3,13.5,6,2020-10-07T07:10:10,2020-10-07T18:40:47,0.69,Partially cloudy,Partly cloudy throughout the day.,partly-cloudy-day,"KDCA,72405013743,72403793728,KADW,KDAA,F8307,74594013705"
"Washington,DC,USA",2020-10-08,21.6,14.0,17.8,21.6,14.0,17.8,7.7,52.6,0.0,0,0.0,无降水,0.0,0.0,45.8,27.5,326.9,1017.6,14.4,16.0,153.3,13.2,6,2020-10-08T07:11:08,2020-10-08T18:39:16,0.73,Clear,Clear conditions throughout the day.,clear-day,"KIAD,KDCA,72405013743,72403793728,72403093738,KGAI,KADW,KDAA,F8307,72033493764,74594013705"
"Washington,DC,USA",2020-10-09,21.1,9.8,15.7,21.1,8.7,15.6,8.4,64.0,0.0,0,0.0,无降水,0.0,0.0,27.4,21.8,190.8,1023.2,47.3,16.0,135.3,11.7,5,2020-10-09T07:12:06,2020-10-09T18:37:45,0.75,Partially cloudy,Partly cloudy throughout the day.,partly-cloudy-day,"KDCA,72405013743,72403793728,KADW,KDAA,F8307,74594013705"
"Washington,DC,USA",2020-10-10,22.8,15.3,18.5,22.8,15.3,18.5,14.9,80.0,0.0,0,0.0,无降水,0.0,0.0,33.5,18.5,198.6,1017.9,90.3,16.0,57.8,5.0,3,2020-10-10T07:13:04,2020-10-10T18:36:15,0.79,Overcast,Cloudy skies throughout the day.,cloudy,"KDCA,72405013743,72403793728,KADW,KDAA,F8307,74594013705"
"Washington,DC,USA",2020-10-11,21.6,18.7,19.7,21.6,18.7,19.7,18.1,90.5,13.382,100,41.67,rain,0.0,0.0,28.4,17.6,149.3,1017.1,95.4,13.9,36.4,3.1,1,2020-10-11T07:14:03,2020-10-11T18:34:46,0.83,"Rain, Overcast",Cloudy skies throughout the day with rain.,rain,"KDCA,72405013743,72403793728,KGAI,KADW,KDAA,F8307,72033493764,74594013705"
"Washington,DC,USA",2020-10-12,18.8,14.4,16.5,18.8,14.4,16.5,15.5,93.7,25.693,100,91.67,rain,0.0,0.0,47.7,33.4,35.4,1014.9,99.7,6.6,37.8,3.2,1,2020-10-12T07:15:02,2020-10-12T18:33:17,0.86,"Rain, Overcast",Cloudy skies throughout the day with a chance of rain throughout the day.,rain,"KDCA,72405013743,72403793728,KADW,KDAA,F8307,74594013705"
"Washington,DC,USA",2020-10-13,22.1,13.4,16.7,22.1,13.4,16.7,12.2,77.0,0.311,100,12.5,rain,0.0,0.0,41.2,27.2,328.6,1013.8,70.3,14.6,95.8,8.3,5,2020-10-13T07:16:01,2020-10-13T18:31:49,0.89,"Rain, Partially cloudy",Partly cloudy throughout the day with early morning rain.,rain,"KDCA,72405013743,72403793728,KADW,KDAA,F8307,74594013705"
"Washington,DC,USA",2020-10-14,22.8,9.9,15.9,22.8,8.7,15.8,9.5,67.8,0.0,0,0.0,无降水,0.0,0.0,27.7,21.0,194.6,1017.2,22.7,16.0,144.8,12.7,6,2020-10-14T07:17:01,2020-10-14T18:30:22,0.93,Partially cloudy,Partly cloudy throughout the day.,partly-cloudy-day,"KDCA,72405013743,72403793728,KGAI,KADW,KDAA,72033493764,F8307,74594013705"
"Washington,DC,USA",2020-10-15,24.3,13.2,18.5,24.3,13.2,18.5,13.4,73.1,0.0,0,0.0,无降水,0.0,0.0,45.8,28.8,191.1,1015.2,32.1,16.0,142.4,12.3,6,2020-10-15T07:18:01,2020-10-15T18:28:55,0.96,Partially cloudy,Partly cloudy throughout the day.,partly-cloudy-day,"KDCA,72405013743,72403793728,KADW,KDAA,F8307,74594013705"
"Washington,DC,USA",2020-10-16,19.2,12.6,15.0,19.2,12.6,15.0,10.3,73.6,4.355,100,41.67,rain,0.0,0.0,33.1,24.0,3.7,1019.2,93.0,15.9,31.8,2.7,2,2020-10-16T07:19:01,2020-10-16T18:27:30,0.0,"Rain, Overcast",Cloudy skies throughout the day with a chance of rain throughout the day.,rain,"KDCA,72405013743,72403793728,KGAI,KADW,KDAA,72033493764,F8307,74594013705"
"Washington,DC,USA",2020-10-17,17.1,7.5,12.2,17.1,4.9,11.6,3.5,58.1,0.0,0,0.0,无降水,0.0,0.0,31.7,18.4,328.0,1027.0,20.2,15.9,134.4,11.5,5,2020-10-17T07:20:02,2020-10-17T18:26:05,0.03,Partially cloudy,Partly cloudy throughout the day.,partly-cloudy-day,"KDCA,72405013743,72403793728,KADW,KDAA,F8307,74594013705"
"Washington,DC,USA",2020-10-18,18.3,7.4,13.3,18.3,5.8,13.0,8.0,71.9,0.0,0,0.0,无降水,0.0,0.0,33.5,16.1,145.4,1029.2,49.7,15.9,114.7,9.8,5,2020-10-18T07:21:03,2020-10-18T18:24:41,0.06,Partially cloudy,Becoming cloudy in the afternoon.,partly-cloudy-day,"KDCA,72405013743,72403793728,KADW,KDAA,F8307,74594013705"
"Washington,DC,USA",2020-10-19,22.1,13.4,17.0,22.1,13.4,17.0,13.2,79.0,0.0,0,0.0,无降水,0.0,0.0,32.0,15.0,168.1,1025.5,73.3,16.0,93.9,8.0,3,2020-10-19T07:22:04,2020-10-19T18:23:18,0.1,Partially cloudy,Partly cloudy throughout the day.,partly-cloudy-day,"KDCA,72405013743,72403793728,72403093738,72406093721,KGAI,KADW,KDAA,F8307,72033493764,74594013705"
"Washington,DC,USA",2020-10-20,23.8,14.7,18.1,23.8,14.7,18.1,15.1,83.5,0.0,0,0.0,无降水,0.0,0.0,22.3,11.9,184.1,1023.5,73.5,13.5,111.3,9.7,5,2020-10-20T07:23:06,2020-10-20T18:21:56,0.13,Partially cloudy,Partly cloudy throughout the day.,partly-cloudy-day,"KDCA,72405013743,72403793728,KGAI,KADW,KDAA,F8307,72033493764,74594013705"
"Washington,DC,USA",2020-10-21,23.9,16.5,19.6,23.9,16.5,19.6,18.0,90.9,0.267,100,4.17,rain,0.0,0.0,33.5,14.6,180.9,1023.9,67.7,10.2,88.0,7.7,5,2020-10-21T07:24:08,2020-10-21T18:20:35,0.16,"Rain, Partially cloudy",Partly cloudy throughout the day with morning rain.,rain,"KDCA,72405013743,72403793728,KGAI,KADW,KDAA,F8307,72033493764,74594013705"
"Washington,DC,USA",2020-10-22,26.7,16.0,20.3,27.7,16.0,20.4,17.4,84.7,0.0,0,0.0,无降水,0.0,0.0,22.0,12.4,175.4,1023.1,32.6,11.6,122.0,10.6,5,2020-10-22T07:25:10,2020-10-22T18:19:15,0.2,Partially cloudy,Clearing in the afternoon.,partly-cloudy-day,"KDCA,72405013743,72403793728,KGAI,KADW,KDAA,72033493764,F8307,74594013705"
"Washington,DC,USA",2020-10-23,24.9,17.0,20.0,24.9,17.0,20.0,16.8,83.2,0.0,0,0.0,无降水,0.0,0.0,28.1,16.6,178.9,1020.6,56.4,13.1,92.5,7.9,4,2020-10-23T07:26:13,2020-10-23T18:17:56,0.25,Partially cloudy,Partly cloudy throughout the day.,partly-cloudy-day,"KDCA,72405013743,72403793728,D6279,KGAI,KADW,KDAA,72033493764,F8307,74594013705"
"Washington,DC,USA",2020-10-24,25.0,16.1,19.2,25.0,16.1,19.2,14.6,76.1,0.0,0,0.0,无降水,0.0,0.0,35.6,25.1,310.6,1015.5,78.5,16.0,91.1,7.9,4,2020-10-24T07:27:16,2020-10-24T18:16:38,0.27,Partially cloudy,Partly cloudy throughout the day.,partly-cloudy-day,"KDCA,72405013743,72403793728,KADW,KDAA,F8307,74594013705"
"Washington,DC,USA",2020-10-25,14.4,8.3,9.9,14.4,5.7,7.9,6.9,82.2,11.665,100,58.33,rain,0.0,0.0,28.1,22.9,20.9,1022.1,98.9,13.3,23.0,2.0,1,2020-10-25T07:28:20,2020-10-25T18:15:21,0.3,"Rain, Overcast",Cloudy skies throughout the day with a chance of rain throughout the day.,rain,"KDCA,72405013743,72403793728,KADW,KDAA,F8307,74594013705"
"Washington,DC,USA",2020-10-26,16.7,8.8,12.4,16.7,5.9,11.5,10.4,88.1,0.036,100,4.17,rain,0.0,0.0,19.1,19.6,347.7,1020.9,93.5,13.4,57.0,4.8,2,2020-10-26T07:29:23,2020-10-26T18:14:06,0.33,"Rain, Overcast",Cloudy skies throughout the day with early morning rain.,rain,"KIAD,KDCA,72405013743,72403793728,72403093738,KGAI,KADW,KDAA,F8307,72033493764,74594013705"
"Washington,DC,USA",2020-10-27,18.3,14.3,16.2,18.3,14.3,16.2,13.2,83.2,0.0,0,0.0,无降水,0.0,0.0,17.6,14.2,254.2,1021.5,96.6,15.1,50.1,4.4,2,2020-10-27T07:30:27,2020-10-27T18:12:52,0.37,Overcast,Cloudy skies throughout the day.,cloudy,"KDCA,72405013743,72403793728,KGAI,KADW,KDAA,F8307,72033493764,74594013705"
"Washington,DC,USA",2020-10-28,21.2,16.5,18.5,21.2,16.5,18.5,16.2,86.7,0.0,0,0.0,无降水,0.0,0.0,31.0,20.1,189.5,1016.9,94.0,14.2,56.9,5.0,3,2020-10-28T07:31:32,2020-10-28T18:11:38,0.4,Overcast,Cloudy skies throughout the day.,cloudy,"KDCA,72405013743,72403793728,72403093738,KADW,KDAA,F8307,72033493764,74594013705"
"Washington,DC,USA",2020-10-29,17.8,11.6,14.9,17.8,11.6,14.9,13.6,91.9,57.781,100,75.0,rain,0.0,0.0,46.8,29.3,10.8,1005.1,99.3,10.3,17.0,1.5,1,2020-10-29T07:32:36,2020-10-29T18:10:26,0.43,"Rain, Overcast",Cloudy skies throughout the day with a chance of rain throughout the day.,rain,"KDCA,72405013743,72403793728,KGAI,KADW,KDAA,72033493764,F8307,74594013705"
"Washington,DC,USA",2020-10-30,12.1,9.3,10.6,12.1,6.3,9.5,6.8,77.9,8.354,100,33.33,rain,0.0,0.0,45.6,31.9,346.3,1013.0,87.8,15.6,58.8,5.1,2,2020-10-30T07:33:41,2020-10-30T18:09:16,0.47,"Rain, Partially cloudy",Partly cloudy throughout the day with rain.,rain,"KDCA,72405013743,72403793728,KADW,KDAA,F8307,74594013705"
"Washington,DC,USA",2020-10-31,9.9,4.9,8.2,8.3,2.8,6.1,2.9,69.6,0.0,0,0.0,无降水,0.0,0.0,21.6,22.5,64.1,1031.1,86.0,16.0,56.3,4.8,3,2020-10-31T07:34:46,2020-10-31T18:08:07,0.5,Partially cloudy,Partly cloudy throughout the day.,partly-cloudy-day,"KDCA,72405013743,72403793728,KADW,KDAA,F8307,74594013705"
"Washington,DC,USA",2020-11-01,15.0,6.7,11.0,15.0,2.5,10.0,6.2,74.7,13.297,100,20.83,rain,0.0,0.0,67.0,43.9,231.2,1017.2,91.0,15.0,30.5,2.7,2,2020-11-01T06:35:52,2020-11-01T17:06:59,0.54,"Rain, Overcast",Cloudy skies throughout the day with rain in the morning and afternoon.,rain,"KDCA,72405013743,72403793728,KADW,KDAA,F8307,74594013705"
"Washington,DC,USA",2020-11-02,9.9,3.8,6.5,7.0,-1.4,2.7,-6.2,40.5,0.0,0,0.0,无降水,0.0,0.0,75.2,50.6,289.5,1018.2,33.7,16.0,106.3,9.2,5,2020-11-02T06:36:58,2020-11-02T17:05:52,0.57,Partially cloudy,Clearing in the afternoon.,wind,"KDCA,72405013743,72403793728,KADW,KDAA,F8307,72033493764,74594013705"
"Washington,DC,USA",2020-11-03,18.2,4.2,10.9,18.2,0.9,9.9,-2.6,41.0,0.0,0,0.0,无降水,0.0,0.0,54.3,32.7,273.4,1021.0,47.1,16.0,108.7,9.4,5,2020-11-03T06:38:04,2020-11-03T17:04:47,0.61,Partially cloudy,Partly cloudy throughout the day.,partly-cloudy-day,"KDCA,72405013743,72403793728,KADW,KDAA,F8307,74594013705"
"Washington,DC,USA",2020-11-04,18.9,5.3,11.4,18.9,5.1,11.4,5.3,68.7,0.0,0,0.0,无降水,0.0,0.0,26.6,17.2,183.6,1030.2,3.0,15.8,108.3,9.4,5,2020-11-04T06:39:10,2020-11-04T17:03:44,0.64,Clear,Clear conditions throughout the day.,clear-day,"KDCA,72405013743,72403793728,KADW,KDAA,F8307,74594013705"
"Washington,DC,USA",2020-11-05,19.5,8.6,13.4,19.5,8.6,13.3,7.9,72.5,0.0,0,0.0,无降水,0.0,0.0,30.2,19.6,177.5,1029.3,42.7,15.1,102.0,8.9,5,2020-11-05T06:40:16,2020-11-05T17:02:42,0.67,Partially cloudy,Becoming cloudy in the afternoon.,partly-cloudy-day,"KDCA,72405013743,72403793728,KADW,KDAA,F8307,74594013705"
"Washington,DC,USA",2020-11-06,21.3,9.8,13.8,21.3,9.8,13.8,9.3,77.2,0.0,0,0.0,无降水,0.0,0.0,16.6,15.5,177.2,1026.2,48.2,15.2,94.2,8.1,5,2020-11-06T06:41:22,2020-11-06T17:01:41,0.71,Partially cloudy,Clearing in the afternoon.,partly-cloudy-day,"KDCA,72405013743,72403793728,KADW,KDAA,F8307,74594013705"
"Washington,DC,USA",2020-11-07,23.0,8.1,14.3,23.0,8.1,14.3,8.6,72.4,0.0,0,0.0,无降水,0.0,0.0,15.1,10.7,176.7,1026.4,11.2,14.5,102.6,8.8,5,2020-11-07T06:42:29,2020-11-07T17:00:43,0.74,Clear,Clear conditions throughout the day.,clear-day,"KDCA,72405013743,72403793728,KADW,KDAA,F8307,74594013705"
"Washington,DC,USA",2020-11-08,23.5,9.7,15.5,23.5,9.7,15.5,11.4,78.2,0.0,0,0.0,无降水,0.0,0.0,14.8,13.4,176.6,1028.3,18.4,13.6,98.3,8.6,5,2020-11-08T06:43:36,2020-11-08T16:59:45,0.75,Clear,Clear conditions throughout the day.,clear-day,"KDCA,72405013743,72403793728,KADW,KDAA,F8307,74594013705"
"Washington,DC,USA",2020-11-09,23.4,11.4,16.5,23.4,11.4,16.5,12.8,80.9,0.0,0,0.0,无降水,0.0,0.0,22.7,14.4,179.2,1027.1,22.7,14.8,99.2,8.6,5,2020-11-09T06:44:43,2020-11-09T16:58:50,0.81,Partially cloudy,Partly cloudy throughout the day.,partly-cloudy-day,"KIAD,KDCA,72405013743,72403793728,72403093738,KGAI,KADW,KDAA,F8307,72033493764,74594013705"
"Washington,DC,USA",2020-11-10,23.9,12.0,17.4,23.9,12.0,17.4,13.8,80.5,0.0,0,0.0,无降水,0.0,0.0,29.6,20.0,176.6,1022.3,33.6,16.0,98.4,8.3,5,2020-11-10T06:45:49,2020-11-10T16:57:56,0.85,Partially cloudy,Partly cloudy throughout the day.,partly-cloudy-day,"KDCA,72405013743,72403793728,KADW,KDAA,F8307,74594013705"
"Washington,DC,USA",2020-11-11,20.7,16.6,19.0,20.7,16.6,19.0,18.3,95.6,28.651,100,66.67,rain,0.0,0.0,52.9,20.2,183.1,1015.9,90.6,11.8,9.5,0.8,0,2020-11-11T06:46:56,2020-11-11T16:57:03,0.88,"Rain, Overcast",Cloudy skies throughout the day with rain.,rain,"KDCA,72405013743,72403793728,KADW,KDAA,F8307,74594013705"
"Washington,DC,USA",2020-11-12,20.6,11.0,15.2,20.6,11.0,15.2,12.7,85.6,45.01,100,58.33,rain,0.0,0.0,42.5,27.5,3.0,1015.3,99.0,12.7,10.8,0.8,1,2020-11-12T06:48:03,2020-11-12T16:56:13,0.91,"Rain, Overcast",Cloudy skies throughout the day with a chance of rain throughout the day.,rain,"KDCA,72405013743,72403793728,72403093738,72406093721,KADW,KDAA,72033493764,F8307,74594013705"
"Washington,DC,USA",2020-11-13,16.1,9.3,12.1,16.1,8.1,12.0,5.5,65.3,0.0,0,0.0,无降水,0.0,0.0,35.3,19.9,330.9,1017.2,59.6,15.9,75.3,6.3,4,2020-11-13T06:49:10,2020-11-13T16:55:24,0.95,Partially cloudy,Partly cloudy throughout the day.,partly-cloudy-day,"KDCA,72405013743,72403793728,KGAI,KADW,KDAA,F8307,72033493764,74594013705"
"Washington,DC,USA",2020-11-14,16.1,5.4,10.9,16.1,3.9,10.6,2.4,57.6,0.0,0,0.0,无降水,0.0,0.0,24.1,16.5,309.9,1022.7,34.1,16.0,91.8,7.9,4,2020-11-14T06:50:17,2020-11-14T16:54:37,0.98,Partially cloudy,Partly cloudy throughout the day.,partly-cloudy-day,"KDCA,72405013743,72403793728,KADW,KDAA,F8307,74594013705"
"Washington,DC,USA",2020-11-15,21.6,9.0,14.3,21.6,8.0,14.1,8.9,70.4,6.351,100,8.33,rain,0.0,0.0,64.0,32.3,188.3,1015.0,88.1,15.5,40.6,3.6,3,2020-11-15T06:51:23,2020-11-15T16:53:52,0.0,"Rain, Partially cloudy",Partly cloudy throughout the day with late afternoon rain.,rain,"KDCA,72405013743,72403793728,KADW,KDAA,F8307,74594013705"
"Washington,DC,USA",2020-11-16,16.7,9.7,12.5,16.7,8.0,12.4,-4.1,32.4,0.0,0,0.0,无降水,0.0,0.0,51.8,28.2,290.5,1016.8,3.0,16.0,90.2,7.6,4,2020-11-16T06:52:30,2020-11-16T16:53:09,0.05,Clear,Clear conditions throughout the day.,clear-day,"KDCA,72405013743,72403793728,KADW,KDAA,F8307,74594013705"
"Washington,DC,USA",2020-11-17,13.8,3.8,8.1,13.8,-0.4,5.8,-3.5,44.9,0.0,0,0.0,无降水,0.0,0.0,64.1,35.7,294.9,1019.3,48.7,16.0,73.8,6.5,4,2020-11-17T06:53:36,2020-11-17T16:52:28,0.08,Partially cloudy,Becoming cloudy in the afternoon.,partly-cloudy-day,"KDCA,72405013743,72403793728,KGAI,KADW,KDAA,F8307,72033493764,74594013705"
"Washington,DC,USA",2020-11-18,7.1,2.3,4.2,3.3,-1.9,0.7,-5.7,48.9,0.0,0,0.0,无降水,0.0,0.0,42.7,32.4,324.8,1033.6,41.0,16.0,76.9,6.5,5,2020-11-18T06:54:42,2020-11-18T16:51:48,0.12,Partially cloudy,Partly cloudy throughout the day.,partly-cloudy-day,"KDCA,72405013743,72403793728,72403093738,KGAI,KADW,KDAA,F8307,72033493764,74594013705"
"Washington,DC,USA",2020-11-19,11.1,-0.3,5.9,11.1,-2.6,4.2,-2.1,58.5,0.0,0,0.0,无降水,0.0,0.0,43.8,28.7,193.3,1034.8,51.5,16.0,77.8,6.7,4,2020-11-19T06:55:48,2020-11-19T16:51:11,0.15,Partially cloudy,Partly cloudy throughout the day.,partly-cloudy-day,"KDCA,72405013743,72403793728,F0198,KADW,KDAA,F8307,74594013705"
"Washington,DC,USA",2020-11-20,17.2,6.1,10.7,17.2,3.5,9.7,1.6,54.7,0.0,0,0.0,无降水,0.0,0.0,29.9,24.8,192.3,1028.8,30.2,16.0,83.8,7.1,4,2020-11-20T06:56:53,2020-11-20T16:50:35,0.18,Partially cloudy,Partly cloudy throughout the day.,partly-cloudy-day,"KDCA,72405013743,72403793728,KADW,KDAA,F8307,74594013705"
"Washington,DC,USA",2020-11-21,17.6,7.6,12.7,17.6,7.0,12.6,7.3,70.7,0.0,0,0.0,无降水,0.0,0.0,20.2,12.4,39.6,1028.1,78.2,16.0,33.3,2.8,1,2020-11-21T06:57:58,2020-11-21T16:50:02,0.25,Partially cloudy,Partly cloudy throughout the day.,partly-cloudy-day,"KDCA,72405013743,72403793728,KADW,KDAA,F8307,74594013705"
"Washington,DC,USA",2020-11-22,14.3,10.6,12.7,14.3,10.6,12.7,7.1,69.3,0.0,0,0.0,无降水,0.0,0.0,28.4,17.8,71.5,1025.4,94.3,16.0,47.0,4.0,3,2020-11-22T06:59:03,2020-11-22T16:49:30,0.25,Overcast,Cloudy skies throughout the day.,cloudy,"KDCA,72405013743,72403793728,KADW,KDAA,F8307,74594013705"
"Washington,DC,USA",2020-11-23,14.3,7.7,11.0,14.3,4.9,9.9,3.1,60.9,0.567,100,12.5,rain,0.0,0.0,65.6,40.1,311.4,1019.7,67.8,15.4,77.6,6.7,4,2020-11-23T07:00:07,2020-11-23T16:49:01,0.28,"Rain, Partially cloudy",Partly cloudy throughout the day with early morning rain.,rain,"KDCA,72405013743,72403793728,KADW,KDAA,F8307,74594013705"
"Washington,DC,USA",2020-11-24,11.1,3.7,7.7,11.1,1.4,6.1,-2.1,50.6,0.0,0,0.0,无降水,0.0,0.0,25.2,15.7,313.7,1028.4,60.3,16.0,76.8,6.5,4,2020-11-24T07:01:11,2020-11-24T16:48:33,0.31,Partially cloudy,Becoming cloudy in the afternoon.,partly-cloudy-day,"KDCA,72405013743,72403793728,KADW,KDAA,F8307,74594013705"
"Washington,DC,USA",2020-11-25,13.4,7.1,10.1,13.4,3.6,9.0,4.6,69.1,0.0,0,0.0,无降水,0.0,0.0,40.4,28.5,186.3,1025.2,87.4,16.0,65.2,5.6,3,2020-11-25T07:02:14,2020-11-25T16:48:08,0.35,Partially cloudy,Partly cloudy throughout the day.,partly-cloudy-day,"KDCA,72405013743,72403793728,KADW,KDAA,F8307,74594013705"
"Washington,DC,USA",2020-11-26,19.4,10.4,15.0,19.4,10.4,15.0,11.2,79.2,1.252,100,20.83,rain,0.0,0.0,50.4,20.0,256.3,1017.1,67.6,15.8,61.8,5.2,4,2020-11-26T07:03:17,2020-11-26T16:47:44,0.38,"Rain, Partially cloudy",Clearing in the afternoon with early morning rain.,rain,"KDCA,72405013743,72403793728,72403093738,72406093721,KADW,KDAA,F8307,72033493764,74594013705"
"Washington,DC,USA",2020-11-27,16.1,11.3,13.5,16.1,11.3,13.5,8.0,69.6,0.0,0,0.0,无降水,0.0,0.0,13.7,9.0,7.5,1018.2,97.7,16.0,33.4,2.8,2,2020-11-27T07:04:18,2020-11-27T16:47:23,0.41,Overcast,Cloudy skies throughout the day.,cloudy,"72405013743,KDCA,72403793728,72403093738,72406093721,KADW,KDAA,72033493764,F8307,74594013705"
"Washington,DC,USA",2020-11-28,16.1,7.6,11.4,16.1,6.5,11.2,3.3,61.5,0.0,0,0.0,无降水,0.0,0.0,47.9,24.3,303.7,1018.1,33.6,15.9,71.3,6.1,4,2020-11-28T07:05:20,2020-11-28T16:47:04,0.44,Partially cloudy,Partly cloudy throughout the day.,partly-cloudy-day,"KDCA,72405013743,72403793728,KADW,KDAA,F8307,74594013705"
"Washington,DC,USA",2020-11-29,13.9,2.9,8.8,13.9,1.1,8.3,1.0,59.5,0.0,0,0.0,无降水,0.0,0.0,22.3,16.1,172.3,1021.0,37.2,16.0,72.6,6.3,4,2020-11-29T07:06:20,2020-11-29T16:46:47,0.48,Partially cloudy,Becoming cloudy in the afternoon.,partly-cloudy-day,"KDCA,72405013743,72403793728,KADW,KDAA,F8307,74594013705"
"Washington,DC,USA",2020-11-30,17.8,10.0,13.9,17.8,8.2,13.8,11.2,84.4,61.603,100,54.17,rain,0.0,0.0,75.6,21.1,193.8,1001.1,98.3,12.3,16.8,1.5,1,2020-11-30T07:07:19,2020-11-30T16:46:32,0.5,"Rain, Overcast",Cloudy skies throughout the day with a chance of rain throughout the day.,rain,"KDCA,72405013743,72403793728,KADW,KDAA,F8307,74594013705"
"Washington,DC,USA",2020-12-01,9.3,4.3,7.0,7.5,1.5,4.0,-1.9,54.5,0.557,100,16.67,rain,0.0,0.0,47.9,28.9,274.3,1006.2,90.4,16.0,47.2,4.0,3,2020-12-01T07:08:18,2020-12-01T16:46:20,0.55,"Rain, Overcast",Cloudy skies throughout the day with rain clearing later.,rain,"KDCA,72405013743,72403793728,KADW,KDAA,F8307,74594013705"
"Washington,DC,USA",2020-12-02,9.9,2.1,5.7,7.8,-1.0,2.5,-5.6,45.3,0.0,0,0.0,无降水,0.0,0.0,59.9,38.0,273.3,1019.3,44.9,16.0,66.0,5.8,4,2020-12-02T07:09:16,2020-12-02T16:46:09,0.58,Partially cloudy,Clearing in the afternoon.,partly-cloudy-day,"KDCA,72405013743,72403793728,KADW,KDAA,F8307,74594013705"
"Washington,DC,USA",2020-12-03,12.2,0.2,6.3,12.2,-0.1,5.8,-2.9,53.5,0.0,0,0.0,无降水,0.0,0.0,22.0,14.8,189.5,1024.7,56.6,16.0,67.0,5.8,3,2020-12-03T07:10:13,2020-12-03T16:46:01,0.62,Partially cloudy,Partly cloudy throughout the day.,partly-cloudy-day,"KDCA,72405013743,72403793728,KADW,KDAA,F8307,74594013705"
"Washington,DC,USA",2020-12-04,11.8,8.4,9.6,11.8,6.0,8.5,1.8,59.7,7.285,100,16.67,rain,0.0,0.0,38.5,16.4,181.8,1017.4,95.7,15.1,21.2,1.8,1,2020-12-04T07:11:08,2020-12-04T16:45:55,0.65,"Rain, Overcast",Cloudy skies throughout the day with late afternoon rain.,rain,"KDCA,72405013743,72403793728,KADW,KDAA,F8307,74594013705"
"Washington,DC,USA",2020-12-05,9.3,6.6,8.0,6.5,2.6,4.4,1.7,67.0,25.133,100,33.33,rain,0.0,0.0,63.4,43.3,324.6,1011.0,94.0,14.1,39.5,3.4,2,2020-12-05T07:12:03,2020-12-05T16:45:51,0.69,"Rain, Overcast",Cloudy skies throughout the day with rain clearing later.,rain,"KDCA,72405013743,72403793728,KADW,KDAA,F8307,74594013705"
"Washington,DC,USA",2020-12-06,7.8,1.6,4.9,5.1,-2.8,1.0,-4.4,51.4,0.0,0,0.0,无降水,0.0,0.0,77.8,28.9,320.0,1014.9,54.3,16.0,71.0,6.2,3,2020-12-06T07:12:57,2020-12-06T16:45:49,0.72,Partially cloudy,Clearing in the afternoon.,partly-cloudy-day,"KDCA,72405013743,72403793728,KADW,KDAA,F8307,74594013705"
"Washington,DC,USA",2020-12-07,5.5,0.5,2.3,3.7,-3.1,-1.0,-5.3,57.8,0.0,0,0.0,无降水,0.0,0.0,37.1,22.1,328.8,1011.2,69.4,16.0,53.5,4.6,3,2020-12-07T07:13:49,2020-12-07T16:45:50,0.75,Partially cloudy,Partly cloudy throughout the day.,partly-cloudy-day,"KDCA,72405013743,72403793728,KADW,KDAA,F8307,74594013705"
"Washington,DC,USA",2020-12-08,8.3,0.6,3.4,4.6,-5.1,-1.1,-6.4,49.0,0.0,0,0.0,无降水,0.0,0.0,50.8,36.3,310.5,1012.2,14.6,16.0,67.6,5.7,3,2020-12-08T07:14:40,2020-12-08T16:45:52,0.79,Clear,Clear conditions throughout the day.,clear-day,"KIAD,KDCA,72405013743,72403793728,72403093738,KGAI,KADW,KDAA,F8307,72033493764,74594013705"
"Washington,DC,USA",2020-12-09,6.7,-0.9,2.6,5.3,-4.0,0.5,-4.2,61.4,0.0,0,0.0,无降水,0.0,0.0,24.8,16.0,220.5,1012.9,59.2,16.0,38.2,3.3,2,2020-12-09T07:15:30,2020-12-09T16:45:57,0.83,Partially cloudy,Partly cloudy throughout the day.,partly-cloudy-day,"KDCA,72405013743,72403793728,KGAI,KADW,KDAA,AS365,F8307,72033493764,74594013705"
"Washington,DC,USA",2020-12-10,10.7,-0.3,4.6,10.7,-2.6,4.1,0.2,74.2,0.0,0,0.0,无降水,0.0,0.0,24.5,15.9,180.2,1020.4,6.9,14.4,63.5,5.5,3,2020-12-10T07:16:18,2020-12-10T16:46:04,0.86,Clear,Clear conditions throughout the day.,clear-day,"KDCA,72405013743,72403793728,KADW,KDAA,F8307,72033493764,74594013705"
"Washington,DC,USA",2020-12-11,16.1,2.1,8.2,16.1,-0.2,7.4,3.4,73.8,0.0,0,0.0,无降水,0.0,0.0,33.3,21.8,203.1,1021.5,39.9,14.3,67.4,5.8,3,2020-12-11T07:17:05,2020-12-11T16:46:13,0.9,Partially cloudy,Partly cloudy throughout the day.,partly-cloudy-day,"KDCA,72405013743,72403793728,72403093738,72406093721,KADW,KDAA,F8307,72033493764,74594013705"
"Washington,DC,USA",2020-12-12,17.2,5.1,10.4,17.2,4.9,10.4,6.8,79.5,0.0,0,0.0,无降水,0.0,0.0,40.7,25.1,186.5,1016.7,73.0,13.4,44.4,3.6,2,2020-12-12T07:17:51,2020-12-12T16:46:25,0.93,Partially cloudy,Partly cloudy throughout the day.,partly-cloudy-day,"KDCA,72405013743,72403793728,KGAI,KADW,KDAA,F8307,72033493764,74594013705"
"Washington,DC,USA",2020-12-13,18.9,8.0,12.3,18.9,5.3,11.6,6.3,68.5,0.0,0,0.0,无降水,0.0,0.0,33.5,21.6,326.1,1016.1,65.9,16.0,67.0,5.9,3,2020-12-13T07:18:35,2020-12-13T16:46:38,0.97,Partially cloudy,Partly cloudy throughout the day.,partly-cloudy-day,"KDCA,72405013743,72403793728,KADW,KDAA,F8307,74594013705"
"Washington,DC,USA",2020-12-14,7.5,3.8,5.6,5.8,-0.9,2.5,1.6,76.0,26.826,100,41.67,rain,0.0,0.0,46.9,32.4,352.1,1015.7,93.7,13.4,12.6,1.1,1,2020-12-14T07:19:18,2020-12-14T16:46:54,0.0,"Rain, Overcast",Cloudy skies throughout the day with rain in the morning and afternoon.,rain,"KDCA,72405013743,72403793728,KADW,KDAA,F8307,74594013705"
"Washington,DC,USA",2020-12-15,5.6,0.4,2.6,3.5,-3.9,-0.7,-6.1,53.5,0.0,0,0.0,无降水,0.0,0.0,29.9,23.4,338.0,1026.7,61.3,16.0,61.0,5.3,3,2020-12-15T07:19:59,2020-12-15T16:47:11,0.03,Partially cloudy,Partly cloudy throughout the day.,partly-cloudy-day,"KDCA,72405013743,72403793728,KADW,KDAA,F8307,74594013705"
"Washington,DC,USA",2020-12-16,2.8,-0.2,0.8,-1.4,-5.9,-4.1,-2.5,79.2,27.936,100,54.17,"rain,snow",0.2,0.1,52.8,34.3,26.9,1019.7,96.4,11.0,7.2,0.6,0,2020-12-16T07:20:38,2020-12-16T16:47:31,0.07,"Snow, Rain, Overcast",Cloudy skies throughout the day with rain or snow.,snow,"KDCA,72405013743,72403793728,KGAI,KADW,KDAA,F8307,72033493764,74594013705"
"Washington,DC,USA",2020-12-17,4.9,-2.2,0.9,1.7,-7.7,-3.5,-3.2,74.7,0.453,100,8.33,"rain,snow",0.3,0.3,52.6,27.0,331.1,1016.0,46.1,15.8,29.8,2.4,1,2020-12-17T07:21:15,2020-12-17T16:47:53,0.1,"Snow, Rain, Partially cloudy",Partly cloudy throughout the day with early morning snow or rain.,snow,"KIAD,KDCA,72405013743,72403793728,72403093738,KGAI,KADW,KDAA,72033493764,F8307,74594013705"
"Washington,DC,USA",2020-12-18,3.8,-0.7,1.7,1.8,-5.0,-1.4,-3.0,71.6,0.0,0,0.0,无降水,0.0,0.4,33.5,15.4,351.3,1026.9,92.9,15.6,23.9,2.2,1,2020-12-18T07:21:51,2020-12-18T16:48:16,0.13,Overcast,Cloudy skies throughout the day.,cloudy,"KIAD,KDCA,72405013743,72403793728,72403093738,KGAI,KADW,KDAA,72033493764,F8307,74594013705"
"Washington,DC,USA",2020-12-19,2.8,-2.4,0.3,0.5,-5.5,-2.1,-4.1,72.2,0.0,0,0.0,无降水,0.0,0.4,16.2,14.8,128.5,1029.3,79.8,16.0,44.5,3.9,2,2020-12-19T07:22:26,2020-12-19T16:48:42,0.16,Partially cloudy,Partly cloudy throughout the day.,partly-cloudy-day,"KDCA,72405013743,72403793728,KADW,KDAA,F8307,74594013705"
"Washington,DC,USA",2020-12-20,6.6,0.9,4.3,5.5,-1.7,2.0,1.1,79.7,0.0,0,0.0,无降水,0.0,0.2,33.5,22.0,185.4,1019.8,92.2,16.0,33.0,2.9,2,2020-12-20T07:22:58,2020-12-20T16:49:10,0.19,Overcast,Cloudy skies throughout the day.,cloudy,"KDCA,72405013743,72403793728,KADW,KDAA,F8307,74594013705"
"Washington,DC,USA",2020-12-21,8.0,4.3,5.6,5.7,2.2,3.7,3.2,85.0,0.746,100,4.17,rain,0.0,0.1,25.2,16.3,187.7,1011.3,92.0,13.1,55.5,4.7,3,2020-12-21T07:23:28,2020-12-21T16:49:40,0.25,"Rain, Overcast",Cloudy skies throughout the day with late afternoon rain.,rain,"KDCA,72405013743,72403793728,KADW,KDAA,F8307,74594013705"
"Washington,DC,USA",2020-12-22,10.5,4.3,7.1,10.5,1.6,4.4,0.4,63.9,0.267,100,4.17,rain,0.0,0.0,64.1,39.6,277.4,1015.7,64.0,15.8,44.4,3.8,2,2020-12-22T07:23:57,2020-12-22T16:50:11,0.26,"Rain, Partially cloudy",Partly cloudy throughout the day with early morning rain.,rain,"KDCA,72405013743,72403793728,KADW,KDAA,F8307,74594013705"
"Washington,DC,USA",2020-12-23,8.4,-0.3,4.6,5.8,-2.9,2.7,-0.7,69.3,0.0,0,0.0,无降水,0.0,0.0,33.1,23.8,173.6,1027.6,61.1,16.0,56.8,4.9,3,2020-12-23T07:24:24,2020-12-23T16:50:45,0.29,Partially cloudy,Partly cloudy throughout the day.,partly-cloudy-day,"KDCA,72405013743,72403793728,KADW,KDAA,F8307,74594013705"
"Washington,DC,USA",2020-12-24,16.1,6.0,11.7,16.1,3.5,11.2,9.1,83.7,24.976,100,54.17,rain,0.0,0.0,76.3,32.8,155.5,1011.9,98.3,13.8,13.5,1.1,1,2020-12-24T07:24:49,2020-12-24T16:51:20,0.32,"Rain, Overcast",Cloudy skies throughout the day with rain.,rain,"KDCA,72405013743,72403793728,KADW,KDAA,F8307,74594013705"
"Washington,DC,USA",2020-12-25,13.8,-3.9,2.1,13.8,-10.0,-2.5,-4.2,64.6,12.67,100,29.17,rain,0.0,0.0,58.3,28.9,291.8,1004.6,90.9,15.5,25.5,2.1,1,2020-12-25T07:25:11,2020-12-25T16:51:57,0.36,"Rain, Overcast",Cloudy skies throughout the day with rain clearing later.,rain,"KDCA,72405013743,72403793728,KGAI,KDAA,KADW,72033493764,F8307,74594013705"
"Washington,DC,USA",2020-12-26,2.1,-5.0,-1.5,0.8,-10.1,-5.9,-11.9,45.7,0.0,0,0.0,无降水,0.0,0.0,36.0,20.4,255.1,1017.3,58.3,16.0,57.1,5.0,3,2020-12-26T07:25:32,2020-12-26T16:52:36,0.39,Partially cloudy,Becoming cloudy in the afternoon.,partly-cloudy-day,"KDCA,72405013743,72403793728,KADW,KDAA,F8307,74594013705"
"Washington,DC,USA",2020-12-27,5.6,-3.6,1.0,3.5,-7.1,-1.4,-5.9,60.6,0.0,0,0.0,无降水,0.0,0.0,23.0,17.2,163.4,1025.4,68.3,16.0,65.3,5.5,3,2020-12-27T07:25:51,2020-12-27T16:53:17,0.42,Partially cloudy,Partly cloudy throughout the day.,partly-cloudy-day,"KDCA,72405013743,72403793728,KADW,KDAA,F8307,74594013705"
"Washington,DC,USA",2020-12-28,11.3,1.6,6.1,11.3,-1.6,3.6,-0.2,65.0,0.0,0,0.0,无降水,0.0,0.0,34.9,19.5,189.6,1022.0,67.4,16.0,61.4,5.2,3,2020-12-28T07:26:08,2020-12-28T16:53:59,0.45,Partially cloudy,Partly cloudy throughout the day.,partly-cloudy-day,"KDCA,72405013743,72403793728,KADW,KDAA,F8307,74594013705"
"Washington,DC,USA",2020-12-29,6.2,0.3,3.8,2.5,-2.5,0.0,-7.1,46.1,0.0,0,0.0,无降水,0.0,0.0,52.9,32.7,327.1,1031.8,27.0,16.0,68.8,5.9,3,2020-12-29T07:26:23,2020-12-29T16:54:43,0.5,Partially cloudy,Clearing in the afternoon.,partly-cloudy-day,"KDCA,72405013743,72403793728,KADW,KDAA,F8307,74594013705"
"Washington,DC,USA",2020-12-30,7.8,-0.3,3.8,4.1,-4.1,0.6,-5.2,52.8,0.0,0,0.0,无降水,0.0,0.1,44.5,29.0,188.8,1029.1,80.6,16.0,65.9,5.5,3,2020-12-30T07:26:35,2020-12-30T16:55:29,0.52,Partially cloudy,Partly cloudy throughout the day.,partly-cloudy-day,"KDCA,72405013743,72403793728,KADW,KDAA,F8307,74594013705"
"Washington,DC,USA",2020-12-31,12.8,5.0,8.6,12.8,1.1,6.2,3.4,71.0,0.0,0,0.0,无降水,0.0,0.0,47.6,28.8,310.5,1022.0,94.1,16.0,41.8,3.4,2,2020-12-31T07:26:46,2020-12-31T16:56:16,0.56,Overcast,Cloudy skies throughout the day.,cloudy,"KDCA,72405013743,72403793728,KADW,KDAA,F8307,74594013705"
